"","id","JS1","OC1","OC2","EP1","OC3","OC4","EP2","EP3","AC1","EP4","JS2","JS3","AC2","SI1","JS4","SI2","JS5","AC3","SI3","AC4","SI4","C1","C2","C3","AGE","EXP","JP","evasao"
"1",1,5,3,5,10,10,10,10,5,1,2,4,3,2,4,3,4,23.307571343062,1,3,1,3,2,1,2,42.0391353423314,6,5,TRUE
"2",2,3,0,5,10,3,7,10,10,2,7,4,3,1,5,2,4,42.6173631667087,1,4,1,4,2,2,2,32.1868622943639,5.75,4,FALSE
"3",3,4,6,10,10,10,10,10,10,1,7,2,2,4,5,3,5,60.477096297253,1,5,2,5,2,2,2,42.7737424263681,1,5,FALSE
"4",4,4,7,7,10,10,7,10,9,2,7,5,4,1,5,2,4,33.4183672703237,1,3,1,4,2,1,2,26.2259837204959,3,5,TRUE
"5",5,5,2,10,10,9,9,9,10,1,6,4,3,1,5,2,5,57.5385532772748,2,3,2,4,2,2,2,36.9213117345444,14,5,TRUE
"6",6,6,5,8,8,7,7,10,7,1,7,6,5,2,5,3,4,61.9430845275605,1,3,1,3,2,1,2,35.183731638322,8,4,FALSE
"7",7,2,6,10,9,10,9,9,9,2,6,3,6,4,5,4,5,10.9807512664858,3,5,3,4,2,2,2,44.2664736272938,12.5,5,FALSE
"8",8,2,4,9,10,9,7,10,10,1,7,2,1,1,3,1,4,21.083306472331,1,4,3,2,2,2,2,49.6425373237572,0.2,5,TRUE
"9",9,4,9,10,8,10,10,6,8,3,3,5,1,4,3,1,3,79.6905487962596,3,2,1,2,2,1,2,27.4537058677799,0.34,4,FALSE
"10",10,5,5,9,10,9,10,10,8,2,7,3,2,4,4,2,4,32.9595448257771,1,3,4,3,2,1,2,47.0738010827019,5.27495006463332,5,TRUE
"11",11,4,9,10,10,10,10,10,9,4,7,7,5,4,5,3,5,79.0933003923217,4,5,5,5,2,1,2,47.4038128985411,0.5,5,FALSE
"12",12,5,4,10,10,10,10,10,9,4,7,4,4,5,4,4,4,70.9149364290765,2,4,3,4,2,2,2,33.2036647369995,6.78641036171658,5,FALSE
"13",13,2,1,5,8,3,6,9,8,1,5,4,3,2,5,1,5,49.5681913293905,2,4,3,5,2,1,2,49.312974354717,10,5,FALSE
"14",14,4,0,0,8,9,8,8,8,1,5,4,3,1,3,3,3,70.4157132365642,1,2,1,3,2,2,2,39.7904943164112,5,5,FALSE
"15",15,4,7,9,9,9,9,9,9,2,6,4,4,5,4,2,5,41.7672755461793,2,3,4,3,2,1,2,47.4629002788988,7.84090881680689,5,FALSE
"16",16,4,4,10,8,10,10,10,10,4,7,4,5,2,5,4,5,65.9892331156941,4,3,3,3,2,2,2,40.5451412800197,5.85164474563689,4,TRUE
"17",17,3,4,9,9,9,8,10,10,3,6,4,2,3,5,2,5,53.1439332955679,5,3,4,4,2,2,2,45.7957440978671,12.9861655701157,5,FALSE
"18",18,5,7,10,10,10,10,10,10,2,7,6,3,3,5,3,5,91.6819875545464,3,5,1,5,2,1,2,33.1858443168414,10.9275163359048,5,TRUE
"19",19,3,7,10,10,10,10,10,9,1,7,2,4,2,5,1,5,54.9217144365167,1,5,2,5,2,1,2,51.5165298487701,11.4654188035084,3,FALSE
"20",20,5,6,10,10,10,10,10,9,1,7,4,3,2,4,3,4,57.8327911076728,2,3,3,2,2,2,2,47.1137653251851,11.5661689204585,5,FALSE
"21",21,2,5,3,10,7,4,10,10,1,7,4,2,1,5,2,4,44.5668614329284,3,3,1,3,2,1,2,37.2378378063937,5,3,FALSE
"22",22,6,6,10,10,10,10,10,10,3,7,4,5,5,5,4,5,94.4511030794387,4,5,6,5,2,2,2,57.8868075147163,9.19045627813862,5,FALSE
"23",23,3,5,10,10,10,10,10,10,3,7,4,1,2,5,1,5,26.9318193069715,2,3,3,4,2,1,2,41.087014906537,7.56880813569868,4,TRUE
"24",24,4,3,8,8,6,5,9,9,3,4,4,3,1,3,1,4,59.3146552041284,1,4,1,3,2,1,2,42.7830724705901,8.93127783105565,5,FALSE
"25",25,7,7,10,0,10,10,4,8,2,7,5,4,3,3,4,3,56.1734126602375,3,3,2,2,2,1,2,37.0562041421584,0.5,3,FALSE
"26",26,4,7,8,10,10,10,10,9,2,7,6,3,1,4,3,4,66.2594429976862,1,4,1,3,2,1,2,36.4270399035232,7.70814883729983,4,FALSE
"27",27,4,3,8,7,10,4,4,10,2,7,5,4,2,4,3,3,71.7291417629464,1,3,1,2,2,1,2,37.9474536628099,9.04400199060226,5,TRUE
"28",28,4,2,7,0,7,7,7,10,2,2,4,3,3,3,2,3,41.4066829413184,1,3,1,2,2,2,2,41.1677282261343,0.3,3,FALSE
"29",29,6,4,8,7,8,7,9,8,1,5,6,3,2,4,2,4,39.5794158279802,2,3,1,4,2,2,2,40.9010068472605,11.3580568893483,3,FALSE
"30",30,4,9,10,10,7,7,10,10,1,7,6,4,2,3,4,3,80.0923855752713,1,2,2,2,2,1,2,42.6807944383554,10.9267164856091,5,FALSE
"31",31,3,2,7,7,8,4,7,7,2,4,1,2,1,4,2,3,13.1073368919593,1,3,1,2,2,2,2,39.5881964678423,7.63345116899244,3,FALSE
"32",32,4,9,9,5,9,9,9,7,1,4,5,5,2,3,5,3,70.0205657962984,1,3,2,3,2,1,2,51.7144505290099,0.5,5,FALSE
"33",33,4,5,10,10,9,9,10,9,3,7,4,3,2,4,1,5,71.9562061776792,3,5,2,4,2,1,2,43.5756936295789,11.1926967198637,5,FALSE
"34",34,5,4,8,8,8,8,8,8,1,3,4,2,2,3,1,4,40.4956307316036,2,3,2,3,2,2,2,50.7074931074953,9.3718948895042,5,FALSE
"35",35,5,0,3,8,8,3,10,8,1,5,5,5,2,2,1,3,71.5296005536033,2,2,2,2,2,2,2,48.3531128011663,7.79101100780533,5,FALSE
"36",36,5,6,10,7,10,10,9,9,2,6,6,5,3,5,2,5,64.7810681896525,2,5,4,4,2,2,2,52.8813115651571,2,5,TRUE
"37",37,2,5,8,8,8,8,8,8,2,5,4,4,2,5,3,4,71.2250430421555,1,3,2,3,2,1,2,41.6875164469179,11.5088071533904,5,FALSE
"38",38,4,4,9,9,8,10,9,9,3,5,6,4,2,4,4,3,80.3269327302284,3,3,3,3,2,2,2,47.204511516989,7.08526912274852,4,FALSE
"39",39,3,7,10,10,8,8,10,10,3,7,2,2,5,4,1,4,29.3415367083967,4,3,2,3,2,1,2,32.2147087050146,9.72586333117576,5,FALSE
"40",40,3,3,10,9,10,10,10,10,1,7,5,3,1,5,1,5,34.2960795317179,1,4,3,4,2,1,2,52.6533448107146,8.79375707144371,5,FALSE
"41",41,5,2,8,10,8,8,10,10,3,7,4,4,2,3,3,4,49.2013125033063,3,3,2,3,2,2,2,38.9617430777252,6.7409202102946,5,FALSE
"42",42,4,6,10,9,10,9,10,10,1,7,4,3,3,3,2,5,71.320370245558,3,3,6,4,2,2,2,61.1612790537587,19.7100101593073,5,TRUE
"43",43,4,2,5,0,8,5,1,5,1,1,4,3,2,1,3,2,54.816476818376,1,1,2,1,2,2,2,51.0880524198779,7.74775205480772,3,FALSE
"44",44,4,8,10,10,10,10,10,10,1,7,4,4,2,4,3,4,62.8765901392943,1,3,1,4,2,2,2,36.102506157585,4.95244822173543,3,TRUE
"45",45,6,9,9,9,9,9,9,9,3,6,6,6,2,4,5,3,76.224765220517,2,4,3,4,2,1,2,41.4355333012424,2.64115251322506,5,FALSE
"46",46,4,2,8,8,8,8,3,8,2,5,6,4,3,4,5,4,79.0143661380635,2,3,1,3,2,2,2,44.1414027408438,8.36063287740303,2,FALSE
"47",47,3,0,2,7,8,2,6,8,1,5,3,1,1,2,1,4,36.346809400962,1,3,1,3,2,2,2,47.6258141046104,7.36351250226801,3,FALSE
"48",48,6,0,10,9,7,7,10,10,3,7,6,6,4,5,4,5,40.8242614181285,1,5,1,4,2,2,2,38.0317095186521,12.4817488800509,5,TRUE
"49",49,5,1,6,9,9,5,9,9,3,6,6,5,1,4,3,4,66.0462841056702,1,4,1,4,2,1,2,33.2289246402901,10.0166377035045,3,FALSE
"50",50,6,6,10,10,9,10,8,10,5,5,4,4,5,5,2,5,40.9804916904232,4,5,3,5,2,2,2,36.8298709371343,4.84506830189546,2,TRUE
"51",51,5,6,10,7,10,10,10,10,2,7,3,3,3,4,4,5,73.4640865401858,1,3,3,4,2,2,2,49.0336479503593,12.3332689953925,5,FALSE
"52",52,3,2,10,10,10,10,10,10,2,6,1,2,1,5,1,5,43.7835599950457,1,3,4,4,2,2,2,53.333166853478,10.3227742326494,5,FALSE
"53",53,7,0,4,10,10,3,10,10,1,7,5,2,1,5,5,4,96.4293739757129,1,3,2,4,2,2,2,47.6992575688443,11.7196525739523,2,TRUE
"54",54,3,6,7,5,7,7,5,5,1,1,3,2,1,2,1,2,31.4729327453471,1,1,1,2,2,2,2,45.4849848918785,10.5210088999335,2,FALSE
"55",55,3,1,10,10,8,10,7,10,1,7,5,3,1,4,3,4,64.7537904497531,1,3,1,3,2,1,2,34.2734585048362,0.139133192038638,5,FALSE
"56",56,5,6,6,3,10,10,10,10,2,7,3,3,3,1,3,1,66.5765228432093,3,2,3,1,2,2,2,42.7069884625138,8.37526857442701,5,FALSE
"57",57,5,7,8,6,8,8,7,7,4,4,4,5,6,4,2,4,55.5666307625822,5,3,6,3,2,1,2,53.4234254875728,13.2641633928485,5,TRUE
"58",58,4,9,10,10,8,8,10,10,1,7,5,4,2,5,2,5,51.1092762291119,1,3,2,4,2,1,2,40.3463864963821,13.2043464285573,3,FALSE
"59",59,5,4,10,10,10,10,10,10,2,7,7,5,2,4,5,5,64.851180498877,3,5,3,4,2,2,2,47.0752025260423,13.0443458844139,5,TRUE
"60",60,2,10,10,10,10,10,10,10,3,7,3,1,2,4,1,5,46.935926816126,3,5,5,4,2,2,2,50.2284843498446,17.9034260096119,5,TRUE
"61",61,4,6,10,10,10,10,10,10,3,7,5,3,1,5,3,5,59.3400235007727,3,1,3,4,2,2,2,41.2772790119026,14.869947880168,5,TRUE
"62",62,3,8,10,8,9,9,9,9,1,6,5,4,2,4,4,4,66.5380336325823,1,5,2,4,2,2,2,52.3026325079513,11.8011086575891,5,FALSE
"63",63,4,3,10,7,8,8,7,9,2,5,4,3,2,5,1,5,47.8633821088902,2,5,1,5,2,1,2,39.3989643715209,7.1914598614597,2,TRUE
"64",64,6,8,10,10,10,10,10,10,3,7,4,5,3,5,3,5,42.4202231130126,3,5,4,5,2,2,2,49.4462509551436,11.4635076275024,4,TRUE
"65",65,4,5,10,10,10,10,10,10,1,7,4,4,2,4,3,5,54.9530226401149,1,3,2,3,2,1,2,44.6292667319236,2.85935247628684,3,FALSE
"66",66,3,4,7,7,10,7,10,7,1,4,4,1,3,4,1,5,28.7621890415912,1,3,1,4,2,2,2,44.3899012199491,13.7785062845818,5,TRUE
"67",67,5,1,5,8,8,8,10,10,2,7,5,3,2,4,4,4,99.2471089705413,3,3,2,3,2,2,2,36.7277214790227,5.62737207045001,5,FALSE
"68",68,5,9,10,2,10,6,8,8,4,5,4,5,4,5,4,5,81.285778609676,3,3,4,4,2,1,2,44.387065168565,8.9690806364772,5,FALSE
"69",69,5,4,10,10,10,10,8,8,2,4,5,4,3,4,1,4,40.3891447459724,3,5,1,4,2,2,2,39.5493025062903,9.93709613942907,2,FALSE
"70",70,2,9,10,10,10,10,10,10,2,7,3,2,3,5,3,5,33.3631259047075,2,5,2,5,2,1,2,42.8836728490953,8.18534154997228,5,TRUE
"71",71,5,2,10,9,10,10,10,10,3,6,4,2,4,4,4,4,54.487795657376,4,5,3,4,2,2,2,34.5624538313863,5.033224037617,5,TRUE
"72",72,3,7,8,9,10,9,10,9,2,5,6,3,1,5,4,5,42.0589032887857,1,4,1,4,2,1,2,36.2893656221957,5.10558842055609,5,FALSE
"73",73,5,1,8,9,3,9,9,9,1,6,5,6,1,4,3,5,56.3931947461498,1,5,2,4,2,2,2,50.5448019204036,0.5,3,TRUE
"74",74,5,5,9,8,9,9,8,8,2,5,4,5,4,5,3,5,57.6707706372366,3,3,6,4,2,1,2,61.7786645083578,15.0646398365596,5,TRUE
"75",75,5,7,10,9,10,10,10,10,2,6,5,2,6,4,3,5,67.8115967113486,3,3,2,4,2,1,2,32.7875145914405,8.02169813702706,3,FALSE
"76",76,2,4,8,9,9,9,9,9,1,6,4,1,1,4,1,4,29.9569486872574,2,3,2,3,2,2,2,43.5150065010094,12.4362933691767,4,FALSE
"77",77,3,5,9,8,9,8,10,9,1,5,3,1,2,1,3,4,33.2555895551999,2,3,1,4,2,1,2,38.5137634918832,8.4056330794647,5,FALSE
"78",78,3,3,0,10,10,0,10,10,1,7,4,4,1,4,3,4,37.6025570740729,1,3,1,2,2,1,2,46.8931980695639,7.61094326671169,4,FALSE
"79",79,4,0,0,10,8,0,10,10,1,7,5,3,2,1,2,1,26.8499486017222,2,1,2,1,2,2,2,41.6630370346614,3.57678395090121,3,FALSE
"80",80,2,5,10,10,10,8,10,10,1,7,4,3,3,5,2,5,20.2453908865851,1,5,2,4,2,1,2,38.8094747268418,10.5723469366349,5,FALSE
"81",81,6,7,9,7,9,9,7,7,2,5,3,4,1,4,4,3,79.5119040449562,1,2,4,3,2,1,2,56.9244316960499,3.12173660556285,5,FALSE
"82",82,5,1,8,8,7,7,8,8,3,5,6,4,3,4,4,4,85.0316932593332,4,3,4,4,2,1,2,47.1460911895087,3.1021764557805,5,FALSE
"83",83,4,4,8,9,4,8,10,10,1,7,2,3,1,4,1,4,28.6069607324747,2,3,1,3,2,2,2,35.2378901158493,6.07000367714555,5,FALSE
"84",84,3,9,9,10,9,9,10,10,1,7,3,2,1,5,2,4,52.8242098887277,1,4,3,3,2,1,2,45.4292496744046,5.95911936549391,5,FALSE
"85",85,5,1,8,5,8,8,9,9,4,4,4,1,2,4,1,4,46.3639259500577,2,3,4,3,2,2,2,49.0345480864878,8.67532228961925,5,FALSE
"86",86,4,7,9,7,9,9,7,7,3,4,3,3,6,4,4,4,58.1426125912306,5,3,3,3,2,1,2,31.4438712381114,3.06422939500128,4,FALSE
"87",87,6,2,7,7,6,7,10,10,1,7,4,2,1,5,1,4,58.9306599885229,1,3,1,4,2,2,2,48.07133600361,8.1756981899559,4,FALSE
"88",88,6,6,10,10,10,10,10,10,1,7,6,2,2,5,2,5,67.4686098147075,2,3,2,3,2,2,2,41.3750438110298,9.64913641945873,4,FALSE
"89",89,4,6,10,7,10,10,9,9,3,5,3,2,1,5,2,5,28.272684245102,2,4,3,4,2,2,2,50.5621892994388,9.86906586806813,5,FALSE
"90",90,4,6,9,9,9,10,9,9,1,6,5,3,1,4,3,5,25.3096975491699,1,4,1,4,2,2,2,43.9199682894686,3.85153815553784,5,TRUE
"91",91,7,6,10,10,9,10,10,10,2,7,7,4,4,4,5,4,74.2745553626385,4,3,3,4,2,2,2,43.3926325010627,5.2853788098939,4,FALSE
"92",92,4,6,10,10,10,10,10,10,3,7,5,2,5,5,1,5,31.8312681636041,4,3,4,4,2,2,2,46.3086898584015,8.31078042411511,5,TRUE
"93",93,4,4,8,2,7,7,5,5,2,2,1,1,3,4,4,3,32.3939345430307,4,3,4,3,2,2,2,49.8227080598311,15.9603586714842,5,FALSE
"94",94,2,1,2,8,9,9,5,5,1,4,3,1,2,2,1,2,7.58137955955339,1,2,1,2,2,1,2,45.7288084214042,11.6074847174012,2,FALSE
"95",95,4,3,6,7,7,7,6,6,1,4,4,2,1,5,2,4,33.6924759750716,2,3,1,3,2,1,2,29.2386388688962,8.88713742127633,5,FALSE
"96",96,4,7,9,8,9,7,8,9,4,6,6,5,4,4,5,4,57.1554180433421,3,3,2,3,2,1,2,29.8197432834855,5.44508286880961,5,FALSE
"97",97,5,8,10,10,10,10,10,10,1,7,6,6,2,5,2,4,62.4050253656323,2,3,2,4,2,2,2,42.8725248455888,10.0977951446091,5,FALSE
"98",98,4,6,7,9,10,8,10,10,1,5,5,3,1,4,2,5,64.9910206112597,1,3,1,3,2,2,2,32.176352071612,8.42905311128038,5,FALSE
"99",99,4,4,2,9,8,5,9,9,2,7,6,3,3,4,4,4,40.4236975192205,1,4,2,3,2,2,2,45.9861311711955,1.67499047452656,4,TRUE
"100",100,3,9,10,10,10,10,10,10,2,7,4,1,2,4,2,4,42.181016486881,3,5,5,4,2,1,2,58.3793164187939,11.1691400219101,5,FALSE
"101",101,4,7,10,10,10,10,10,10,2,7,4,2,3,4,1,4,22.7410745128421,2,4,3,4,2,1,1,44.521400814739,10.9139040298697,4,FALSE
"102",102,3,7,8,8,8,8,8,8,1,5,4,3,2,3,1,2,14.3301643601383,1,1,3,1,2,1,1,45.8346572075973,9.72431528258862,3,FALSE
"103",103,2,1,4,7,4,4,4,7,2,1,4,2,1,2,2,2,29.8798527553603,3,2,2,1,2,1,1,37.3539587817785,11.4771758677822,5,FALSE
"104",104,6,3,6,10,8,8,10,10,1,7,6,2,1,5,3,4,68.0773370930596,1,3,1,4,2,1,1,37.5422421699488,4.09043501282798,5,FALSE
"105",105,4,2,8,8,8,8,8,8,2,5,2,2,1,4,1,4,41.0880371422808,2,3,1,3,2,2,1,38.6252712003159,5.73031460926721,5,TRUE
"106",106,3,4,9,9,9,8,9,9,1,5,4,2,1,3,3,4,57.3400672727413,2,3,1,3,2,2,1,36.5265785118619,8.30096691768909,5,FALSE
"107",107,5,9,9,6,9,9,7,7,4,3,5,2,4,3,1,3,40.758049732707,4,2,4,3,2,1,1,48.5830098698732,7.41961686396206,5,FALSE
"108",108,3,10,9,5,9,9,7,7,1,5,5,3,3,4,2,4,37.5286984940267,1,2,2,3,2,1,1,42.4835316833674,5.40736413450583,5,FALSE
"109",109,4,6,8,7,8,8,7,7,2,4,3,3,1,4,2,4,37.3088603793801,1,2,1,3,2,2,1,41.2468657780313,7.71544205254163,2,FALSE
"110",110,6,5,9,9,9,9,9,9,3,6,5,4,1,4,5,4,85.218549363047,2,4,1,4,2,1,1,43.5214622131351,14.670279822173,3,FALSE
"111",111,5,7,10,10,10,10,10,10,1,7,2,4,2,4,2,5,70.5008026630024,1,3,2,4,2,1,1,48.8881125761125,9.97448753387153,5,FALSE
"112",112,5,6,10,10,10,10,10,10,1,7,3,1,1,5,1,5,53.9188428920001,1,5,1,3,2,2,1,36.3010728764086,7.45790017512555,4,FALSE
"113",113,6,7,9,7,7,9,9,9,3,6,6,5,3,4,2,4,64.9511644448305,2,2,4,3,2,1,1,52.360318745916,9.39098724105743,5,FALSE
"114",114,4,2,9,8,9,8,9,8,1,5,5,4,1,4,3,4,64.8683349233542,1,2,1,2,2,2,1,38.1683794935162,5.5774978914164,5,FALSE
"115",115,4,2,6,6,7,8,7,7,2,4,4,4,1,4,2,4,64.8183684992848,1,3,2,3,2,2,1,49.1238589916305,15.2621279692797,3,FALSE
"116",116,2,3,8,8,8,8,8,8,1,5,4,1,2,3,2,3,33.9347102012664,1,2,1,3,2,1,1,38.8320457554234,5.41660439055241,5,FALSE
"117",117,6,6,10,10,10,10,10,10,2,7,5,6,5,4,4,4,65.8126914234458,3,3,4,3,2,2,1,44.8745012899698,8.36808313644944,5,FALSE
"118",118,2,4,8,7,7,7,7,7,2,6,2,2,4,3,2,3,24.3365941739053,1,2,2,2,2,2,1,43.8580908091473,7.63064715745227,5,FALSE
"119",119,4,5,9,7,8,10,0,8,1,3,4,4,1,5,3,5,79.9372718700963,1,5,2,3,2,1,1,51.926856076373,8.65166426648726,5,FALSE
"120",120,2,0,4,7,7,2,7,7,1,1,3,2,1,1,2,1,60.7038005004225,1,1,1,1,2,2,1,34.8239029682509,10.6260074232979,5,FALSE
"121",121,4,3,8,9,8,8,10,9,3,6,4,3,2,5,5,5,91.7387291440737,3,4,3,4,2,1,1,36.6043074023873,4.69067395551989,3,FALSE
"122",122,3,4,9,9,9,9,9,9,3,6,3,3,4,4,2,4,43.1003802583229,2,4,4,4,2,2,1,47.9164350506001,7.66311358044161,5,TRUE
"123",123,5,7,8,8,8,10,10,8,2,7,5,4,2,5,2,5,60.5013311878166,1,3,3,4,2,1,1,52.2230586892981,11.3339041443899,3,FALSE
"124",124,5,9,9,9,9,7,9,9,3,6,4,2,1,4,2,4,72.4054723130023,2,3,1,2,2,1,1,31.7772146441902,5.85110227125455,5,FALSE
"125",125,4,4,7,7,7,7,7,7,1,4,3,4,2,3,1,4,47.0010010678697,2,2,4,3,2,2,1,58.0213820033059,6.85214438763706,1,FALSE
"126",126,5,9,8,8,8,7,9,9,1,5,5,2,1,1,2,3,35.2286335561503,3,2,3,3,2,1,1,46.5993375006686,0.334597643116743,5,FALSE
"127",127,4,0,6,9,6,6,10,10,3,5,4,2,2,4,4,4,18.0034190384948,1,3,1,4,2,2,1,29.5112965485553,7.81377258467227,5,FALSE
"128",128,3,0,5,6,5,6,6,6,1,2,3,5,2,3,2,3,36.1931358176374,1,3,1,2,2,2,1,30.4453069769704,9.06954461154565,4,FALSE
"129",129,5,10,8,9,9,9,9,9,1,6,3,3,2,3,2,4,94.3029506871403,1,2,2,3,2,2,1,38.9246589581038,5.86242528197639,5,TRUE
"130",130,4,4,9,4,9,8,5,8,1,4,4,3,1,4,2,3,29.8464028103029,2,3,2,3,2,2,1,52.8349811148275,10.0501959767364,5,FALSE
"131",131,4,6,9,7,9,9,9,9,2,6,5,3,3,4,2,3,40.6425515648715,1,3,1,3,2,2,1,40.1155848774376,8.37729243648693,3,FALSE
"132",132,7,0,9,8,9,9,9,9,1,6,6,4,3,4,4,4,78.8166755433314,2,3,4,3,2,2,1,54.2898832391701,12.8921873073365,5,FALSE
"133",133,7,3,8,8,8,8,8,8,3,5,7,6,3,4,5,4,83.8103443577762,2,2,3,3,2,1,1,39.8523242322904,8.52457553871911,5,FALSE
"134",134,4,4,7,4,7,7,2,6,3,3,3,3,1,3,1,1,48.2675637708616,1,1,2,1,2,2,1,49.8866652949821,6.87177410093266,5,FALSE
"135",135,5,2,9,9,9,9,9,9,2,6,2,3,3,4,3,4,42.8214651921055,2,4,3,4,2,2,1,44.8198168542434,3.98370868446424,3,TRUE
"136",136,5,7,9,7,9,9,8,8,1,5,4,4,2,4,3,4,60.6234817158622,2,3,1,3,2,1,1,37.542109854999,13.5947203772919,2,TRUE
"137",137,3,6,10,8,10,10,9,9,2,7,2,3,3,4,1,4,29.6277532527892,2,3,3,3,2,2,1,44.0065004025048,6.47792310853671,5,FALSE
"138",138,5,6,10,9,10,10,8,10,2,7,5,6,3,5,5,3,60.7682011986274,3,3,4,3,2,2,1,51.0220113052428,6.62850425145542,5,TRUE
"139",139,2,5,8,8,8,8,7,8,2,5,3,3,1,4,1,3,40.08100892156,1,3,1,3,2,1,1,46.957166802475,3.07552811474159,4,TRUE
"140",140,4,6,7,8,7,8,8,8,2,5,6,5,3,3,4,3,70.8927072153379,3,3,2,3,2,2,1,43.4457574635696,9.48188387753641,4,FALSE
"141",141,5,6,10,10,10,10,10,10,2,7,3,4,2,5,4,5,61.0741713077793,2,5,2,5,2,2,1,36.8851818565045,6.49211889971563,5,TRUE
"142",142,5,4,10,9,10,10,10,10,2,5,4,2,1,5,3,4,47.7145573648972,1,3,2,3,2,2,1,43.9700904859221,7.26821144365858,5,TRUE
"143",143,7,5,5,8,8,7,8,8,1,5,5,4,1,4,3,4,67.2141189852275,1,3,1,3,2,1,1,47.7042458630172,10.4318841281787,5,TRUE
"144",144,2,4,5,5,8,8,5,5,1,2,2,1,2,4,1,5,13.3252660145724,1,4,1,3,2,2,1,39.2240501946308,10.7734951036783,2,TRUE
"145",145,5,7,10,10,10,10,10,10,3,7,6,6,1,5,5,5,77.8887161917995,1,4,3,5,2,1,1,49.7323360036608,10.3265389896298,5,FALSE
"146",146,3,6,8,5,8,8,4,5,1,1,4,2,1,5,2,5,64.1090126280868,1,3,1,3,2,2,1,44.130170984506,11.4623599062936,3,FALSE
"147",147,5,6,9,7,9,9,9,9,3,6,5,4,1,4,5,3,59.1442849921828,1,3,3,2,2,2,1,48.2368984507693,8.04164668987898,5,TRUE
"148",148,5,2,8,7,8,8,8,8,3,4,5,3,3,3,4,3,45.4539797706581,4,2,3,2,2,2,1,38.2619226162705,11.0592310370588,5,FALSE
"149",149,5,5,10,5,8,8,8,8,4,5,5,3,3,4,3,4,67.7650373441523,2,3,2,3,2,1,1,39.3153668228026,4.35261514068369,4,FALSE
"150",150,5,6,6,7,5,8,7,9,1,5,7,4,2,4,5,4,96.5292014782688,2,3,2,2,2,2,1,37.2599060288422,7.30483170956421,5,FALSE
"151",151,3,1,0,4,9,0,6,6,1,3,4,3,1,2,4,2,17.1750768392478,1,2,1,1,2,1,1,36.2884061239167,6.62099358800442,2,FALSE
"152",152,7,8,10,10,10,10,10,10,1,7,5,5,3,4,5,5,73.9577410266566,1,4,3,4,2,2,1,47.612526877928,14.9180378332039,5,FALSE
"153",153,4,4,10,10,10,10,10,10,2,7,5,4,1,5,2,5,61.1682666349672,2,3,2,5,2,2,1,41.5554504878951,12.6576890372933,5,TRUE
"154",154,5,2,9,7,9,9,8,8,2,4,4,4,3,3,2,3,73.7293405093152,2,2,4,3,2,2,1,54.9593682593662,11.4937004896125,5,TRUE
"155",155,4,7,9,9,9,9,9,9,1,5,4,5,4,4,3,5,38.8383651439648,2,3,4,4,2,1,1,56.3684800794227,9.96570567165465,5,FALSE
"156",156,7,8,10,10,10,10,10,10,3,7,6,5,3,5,4,5,79.5918240682631,3,5,2,4,2,2,1,40.2488736109199,8.47631437637762,5,TRUE
"157",157,4,6,8,7,8,8,7,7,1,4,2,3,2,4,2,4,27.4132993313561,1,2,1,3,2,2,1,40.1262274833066,9.52159991557582,5,FALSE
"158",158,4,5,10,10,10,10,10,10,1,7,3,4,2,5,4,5,53.2058057071667,2,5,2,4,2,1,1,37.9278304520157,13.1927444665018,5,FALSE
"159",159,4,2,10,10,10,10,10,10,1,7,2,1,1,5,1,5,37.8540494676802,1,5,1,3,2,2,1,36.394231421577,8.00646629722258,3,TRUE
"160",160,4,7,9,10,9,9,10,10,3,7,6,4,5,5,4,5,74.2740628652489,2,3,5,4,2,1,1,56.390256399758,15.1078117080914,5,TRUE
"161",161,4,7,9,9,9,9,9,9,3,6,5,4,1,3,3,3,73.1026682065696,1,2,5,3,2,1,1,61.8747038926797,9.16439157387405,5,FALSE
"162",162,4,4,10,9,10,10,10,10,3,7,3,5,2,5,2,5,58.1898356961002,3,5,2,5,2,2,1,45.9203496243512,13.9888436282336,4,TRUE
"163",163,5,1,5,7,7,7,5,5,1,2,4,2,1,4,3,4,44.9215841674052,2,2,1,1,2,1,1,42.2869158548201,7.33198633448396,2,FALSE
"164",164,6,6,10,0,10,10,10,10,4,7,5,4,4,5,4,5,60.395273245957,3,5,6,5,2,2,1,60.2012076891994,25,5,TRUE
"165",165,5,6,10,9,10,10,10,9,4,7,5,5,3,5,3,5,60.5436936462111,3,5,4,5,2,2,1,53.3175727766155,7.20474769504749,5,TRUE
"166",166,3,7,9,9,9,9,9,9,1,6,3,2,1,4,2,4,30.7525919192646,1,4,1,4,2,1,1,37.4614862178056,5.70915972480776,5,FALSE
"167",167,5,5,10,10,10,10,10,10,2,7,5,4,3,5,2,5,55.9257411795218,3,5,2,5,2,1,1,42.4907649331579,10.6182352079147,4,TRUE
"168",168,5,6,10,10,10,10,10,10,1,7,6,4,2,5,4,5,42.2560691037867,2,3,2,5,2,2,1,43.9443267921873,7.92812227404529,5,TRUE
"169",169,5,0,8,7,7,7,7,8,2,4,5,2,1,3,3,4,48.6229420578739,1,3,1,3,2,2,1,46.9064526988805,7.74014654240862,5,FALSE
"170",170,4,9,10,10,10,10,10,10,1,7,6,3,3,5,5,5,80.9956357698549,3,5,1,4,2,1,1,32.3155358984776,4.27152884391655,5,FALSE
"171",171,2,0,3,4,9,4,1,9,1,6,1,1,1,2,1,3,27.9112076531525,1,1,1,1,2,2,1,43.7092226642646,12.0944408709977,4,FALSE
"172",172,2,7,9,8,9,9,8,9,2,6,2,1,3,4,1,4,34.8664156178251,1,3,1,3,2,1,1,32.7345971214403,3.16287921929391,5,FALSE
"173",173,3,3,7,7,7,1,8,8,3,7,2,3,1,3,1,3,50.1900337618869,1,4,1,3,2,1,1,41.2837922241639,7.36171440966424,3,TRUE
"174",174,4,5,10,10,10,10,10,10,3,7,5,3,3,5,5,5,83.6255027592558,4,5,5,5,2,1,1,54.3935930929593,10.7595337901308,5,TRUE
"175",175,4,7,9,4,9,9,9,9,1,6,5,2,3,2,3,2,53.4608995534385,1,2,3,1,2,1,1,51.9454716123307,8.32168956801965,5,FALSE
"176",176,6,8,9,9,9,9,9,9,1,6,6,5,1,4,4,4,37.6371989706992,1,4,1,2,2,2,1,39.940117276433,5.71574344308319,5,FALSE
"177",177,3,10,10,0,10,10,10,10,2,7,4,2,3,5,1,5,72.5607318037989,3,4,3,5,2,2,1,44.0289671582212,13.11033426928,5,FALSE
"178",178,5,0,2,7,4,4,7,7,1,4,3,3,1,3,3,4,41.1115033533389,1,2,2,3,2,2,1,49.4471726518248,9.35775973978948,3,FALSE
"179",179,4,5,8,7,9,9,8,8,1,5,2,2,5,4,2,4,26.6278640222649,4,3,3,3,2,1,1,45.245451349887,11.4128982336473,5,FALSE
"180",180,6,6,7,9,9,9,9,9,2,6,6,5,4,3,3,4,63.3868261368921,2,2,2,2,2,2,1,39.3854284452176,7.4477924031879,5,FALSE
"181",181,6,6,8,10,10,10,10,10,3,2,4,5,1,4,5,5,63.997840375569,2,4,2,4,2,2,1,39.9544357544491,6.21982915944375,5,FALSE
"182",182,5,3,7,7,7,6,7,7,4,4,2,1,4,4,1,4,60.0209604317915,3,2,2,3,2,1,1,40.9375984433347,5.25819690097244,3,TRUE
"183",183,4,2,6,7,6,3,7,7,1,4,4,3,1,2,2,2,41.4819674685156,3,2,2,2,2,2,1,40.5678513248433,6.23389611448584,5,FALSE
"184",184,4,8,10,9,10,10,10,10,1,7,4,5,1,5,2,5,55.1863895979355,2,5,1,4,2,2,1,40.8806706364678,11.7924427294489,5,TRUE
"185",185,3,7,6,8,6,9,9,9,1,3,4,3,2,3,3,3,35.2759266583726,2,2,3,2,2,1,1,45.6524599261901,11.1221559170941,5,FALSE
"186",186,2,7,10,10,10,10,10,10,1,7,3,1,1,5,3,5,25.6385099270319,3,5,2,5,2,1,1,43.2358883361895,0.75,3,FALSE
"187",187,5,7,10,10,10,10,10,10,3,7,6,4,4,5,3,5,78.2910252358966,2,5,2,4,2,1,1,32.4587813602546,10.7357951219021,4,TRUE
"188",188,1,4,9,9,9,9,7,9,1,6,3,1,3,4,1,3,18.2155494461124,1,2,2,3,2,2,1,46.5472294628065,8.23434014373978,5,FALSE
"189",189,6,6,7,7,9,9,9,8,3,6,5,4,1,2,3,3,41.7055106099683,1,2,1,1,2,2,1,49.0252848639484,4.98567465794674,4,FALSE
"190",190,3,4,7,7,6,8,7,8,2,5,3,4,3,5,3,4,41.9868500584293,3,4,1,4,2,2,1,42.1694978011145,12.1805388492719,4,FALSE
"191",191,2,6,9,9,9,9,9,9,1,4,2,2,4,4,3,4,35.1668450656333,5,4,2,4,2,2,1,34.624606351674,5.60972267318352,4,FALSE
"192",192,6,6,9,8,10,9,9,9,1,6,6,5,3,4,3,5,54.1917539324471,1,4,1,4,2,2,1,37.9568081110445,6.70461344135506,5,FALSE
"193",193,5,3,9,10,9,9,10,10,1,5,6,4,2,5,3,5,77.3311472543717,3,5,2,4,2,1,1,44.6475761805717,9.32110618594011,5,FALSE
"194",194,4,8,10,7,10,10,10,10,3,7,4,3,5,5,4,4,14.7347437602086,5,3,5,3,2,2,1,46.830860611089,8.59384716178243,5,FALSE
"195",195,3,8,9,6,9,9,9,9,2,6,4,4,2,4,2,4,36.5730491990029,1,4,1,4,2,2,1,32.6590828734806,9.39066123208844,5,TRUE
"196",196,5,2,8,8,9,9,9,9,1,5,4,3,3,4,2,4,40.3972086360715,1,4,1,4,2,2,1,42.9849625821993,2.96867126266934,4,FALSE
"197",197,5,4,9,7,9,9,3,8,1,4,5,4,2,4,4,3,74.1584269181869,1,2,1,2,2,2,1,49.3563377867006,11.7245137024943,4,FALSE
"198",198,5,5,10,7,10,10,9,9,3,6,4,3,2,5,4,5,85.9653813990424,1,5,2,5,2,1,1,38.4708765706002,7.68538917869295,5,FALSE
"199",199,2,0,0,9,4,9,9,7,1,6,2,1,1,3,1,2,44.4848455934423,1,2,1,2,2,2,1,36.1038865039151,9.70646406815988,3,FALSE
"200",200,4,7,9,9,9,9,9,9,3,6,4,3,2,3,2,3,51.5611657280124,3,2,2,2,2,1,1,43.5436778532677,9.42397878658303,5,FALSE
"201",201,4,6,8,10,10,2,10,10,5,7,4,4,3,4,3,4,51.4969499308447,3,3,5,3,1,2,2,55.1776677132336,8.93287523066018,5,FALSE
"202",202,5,4,9,10,9,8,10,10,2,7,6,5,3,5,5,5,71.2704243226454,4,5,1,5,1,2,2,33.4968219029479,5.06275422427761,5,TRUE
"203",203,2,7,10,10,10,10,10,10,3,7,3,2,5,5,3,5,41.9864248568681,5,5,3,5,1,1,2,36.9481124489744,7.82543889752719,4,TRUE
"204",204,4,4,10,10,10,10,10,10,4,7,7,3,5,5,5,5,84.1863289403013,5,5,6,5,1,2,2,52.1453801566899,8.52038489476022,5,FALSE
"205",205,5,7,10,10,10,10,8,10,4,7,6,4,2,5,2,5,49.1009888457841,3,3,4,4,1,1,2,48.3004139013573,10.5819482685512,3,TRUE
"206",206,5,9,9,9,10,9,9,9,3,6,2,3,2,4,3,4,26.8506742580434,2,3,1,3,1,1,2,36.8630009875007,3.96093376358391,3,TRUE
"207",207,6,4,10,9,10,10,10,10,4,7,4,4,4,4,5,5,78.3741561857379,4,5,6,4,1,2,2,50.1906864586342,5.11880808411157,5,FALSE
"208",208,3,9,10,10,10,10,10,10,3,7,4,3,5,4,4,4,48.4365900075361,1,5,3,5,1,1,2,43.6752631455728,9.04727384740891,5,FALSE
"209",209,4,5,9,9,9,9,9,9,4,6,4,3,5,5,3,5,80.0116667315557,5,4,5,4,1,1,2,48.7002671892231,9.99917935774015,3,FALSE
"210",210,1,1,1,9,1,10,9,9,1,6,3,1,6,4,1,4,48.4203495122829,4,3,4,4,1,1,2,39.8331749942619,4.41708922348831,3,TRUE
"211",211,5,9,8,8,6,8,8,8,4,5,3,2,5,5,4,4,82.9802834443932,3,3,4,3,1,1,2,49.4266201012627,4.30919152919528,5,FALSE
"212",212,3,4,7,7,7,7,7,7,3,4,4,4,5,4,1,3,78.4079813152993,3,3,3,3,1,2,2,43.2016294463067,7.05532784400331,4,FALSE
"213",213,3,5,9,7,9,8,6,6,5,3,3,3,6,4,1,5,41.5999763597917,5,4,6,3,1,1,2,47.267663677259,6.76894934760098,2,FALSE
"214",214,7,6,9,7,9,9,9,9,5,6,5,3,6,5,3,5,71.4374729006589,5,5,5,4,1,2,2,42.0550342282131,10.2514181212316,5,TRUE
"215",215,4,4,10,10,10,10,8,8,5,5,4,3,5,5,3,4,68.5550282931687,5,3,5,4,1,2,2,38.5475041431028,11.1018997532004,5,TRUE
"216",216,5,5,8,9,8,8,6,9,3,5,5,5,3,4,3,4,88.6016525155512,2,3,3,5,1,1,2,49.9884005083451,9.61195487739937,5,FALSE
"217",217,5,4,5,7,8,7,9,8,1,5,4,5,6,4,5,1,71.941815233821,2,2,4,2,1,2,2,46.4728938279369,9.30122527654443,5,FALSE
"218",218,4,1,6,9,9,9,8,9,5,6,2,3,5,4,4,4,31.5954316804967,5,3,4,3,1,1,2,40.5577531913876,12.5373581785325,5,FALSE
"219",219,3,6,10,10,10,10,10,10,4,7,2,4,5,5,2,5,43.3911426091455,3,5,6,4,1,2,2,48.8894876317445,4.82311782890029,4,TRUE
"220",220,3,9,10,10,10,10,10,10,4,7,4,1,6,5,1,5,66.7178193403291,5,5,5,5,1,1,2,41.9458312587837,10.27093407466,5,TRUE
"221",221,5,5,9,8,9,9,8,7,2,5,4,1,4,4,2,4,69.7471096344377,1,3,3,2,1,1,2,47.0008303939121,10.7214744750432,5,FALSE
"222",222,3,1,8,4,1,4,6,5,3,2,4,2,5,4,3,4,32.8230627906046,4,4,5,3,1,1,2,49.6155864226364,6.23412450349577,1,FALSE
"223",223,4,7,10,10,9,10,10,10,5,7,4,2,6,5,2,5,62.3265315111525,4,3,4,4,1,1,2,42.7769688421309,7.86603373285994,5,FALSE
"224",224,5,2,10,7,10,10,10,10,3,7,6,4,4,5,2,5,66.1953063692384,3,4,5,4,1,2,2,50.7473254057881,11.7306355813085,4,TRUE
"225",225,2,3,7,8,7,7,7,8,5,7,4,1,5,4,1,4,25.4661337676175,5,5,6,4,1,1,2,46.537318368937,12.5396860880759,5,FALSE
"226",226,6,5,10,9,10,9,9,9,4,6,5,4,5,5,2,5,75.9013708889811,3,5,3,5,1,1,2,31.5327024990487,8.09446698206449,5,FALSE
"227",227,3,5,8,8,9,8,8,8,4,5,4,1,5,5,2,5,59.1355646280609,3,3,3,4,1,1,2,41.5859034723961,11.5378008974335,5,FALSE
"228",228,1,5,8,8,10,8,10,10,2,7,1,2,2,5,2,5,19.8532449903803,4,5,3,5,1,1,2,43.1706890341189,13.7674073771735,5,TRUE
"229",229,4,6,10,9,10,10,10,10,5,7,3,3,5,5,4,4,48.3336742191505,5,5,5,5,1,2,2,45.6232612661864,12.063921397637,5,TRUE
"230",230,3,2,8,10,8,8,10,10,4,4,2,3,5,4,2,3,57.5779113439934,4,3,6,3,1,2,2,52.2606714005176,11.4677627157245,5,FALSE
"231",231,7,5,8,8,7,6,9,8,4,4,7,6,4,4,5,4,87.7538604542477,2,3,2,3,1,1,2,34.8982616085162,10.5617804796969,4,TRUE
"232",232,6,4,6,8,8,8,10,10,2,7,4,4,5,5,2,4,45.6077275739266,1,3,1,4,1,2,2,30.5984725685495,1,3,FALSE
"233",233,4,4,7,8,6,7,9,7,4,6,5,3,6,4,3,4,60.1642542420939,3,3,4,3,1,2,2,40.2253609804607,13.1708830097801,3,FALSE
"234",234,3,6,8,10,10,6,10,9,5,7,4,2,6,4,1,5,20.6883083523179,4,4,6,3,1,2,2,46.5281155748795,7.0591377387306,5,FALSE
"235",235,4,2,10,9,10,10,10,9,4,7,4,1,6,5,3,5,20.6036595353703,5,4,3,4,1,2,2,32.303477866558,9.83331590592781,2,TRUE
"236",236,2,8,9,7,8,8,9,9,3,6,2,4,5,4,1,4,46.8719776135088,2,3,5,3,1,2,2,43.6931246432805,12.62212896922,4,TRUE
"237",237,4,4,10,10,10,9,10,10,4,7,4,4,5,5,1,5,29.4546417035435,4,3,6,4,1,2,2,49.9528952261156,6.20371854273489,3,FALSE
"238",238,1,7,9,8,9,8,8,8,5,5,2,1,6,3,1,5,30.1297815358833,5,3,4,3,1,1,2,32.4607823242365,8.45922071831555,5,FALSE
"239",239,6,10,10,7,10,10,8,8,5,5,4,3,5,5,3,5,70.971191691079,5,4,5,4,1,2,2,46.8098098402213,12.8805536708695,5,TRUE
"240",240,7,7,10,10,10,10,10,10,1,7,7,6,4,4,5,5,100,2,3,4,4,1,1,2,49.5414714898406,7.78375500502514,4,FALSE
"241",241,4,6,10,9,8,8,10,10,1,4,4,3,5,1,2,1,61.8401367141305,3,1,3,1,1,2,2,39.9599110828195,5.69047174995668,4,FALSE
"242",242,5,9,10,10,10,10,10,9,5,7,4,4,4,4,3,5,57.5352988971303,3,4,4,2,1,1,2,35.7483039467754,11.398287298002,5,FALSE
"243",243,4,4,7,10,7,8,10,10,2,6,6,4,5,5,3,5,75.7529620007033,2,3,4,4,1,2,2,46.7608478158158,6.43931319051174,5,FALSE
"244",244,7,7,10,10,10,10,10,10,2,7,7,5,3,5,5,5,83.7652371171797,2,5,3,4,1,1,2,47.2783226237222,13.1855946700321,5,FALSE
"245",245,4,6,8,8,8,7,10,10,4,5,6,2,3,5,3,5,68.2817626010242,2,4,5,4,1,2,2,46.4596435519665,6.11769956518179,3,TRUE
"246",246,3,5,10,10,10,10,10,10,5,7,3,2,6,4,1,5,57.5063267010988,5,5,6,5,1,1,2,38.9948869690463,6.2553537560895,5,TRUE
"247",247,4,7,10,10,10,10,10,8,2,7,3,2,5,5,2,5,70.7697527833423,3,5,2,4,1,1,2,36.0991142101028,11.6804047578966,5,TRUE
"248",248,4,7,10,10,10,10,10,9,3,7,4,1,5,4,3,4,24.3905685885579,5,3,5,3,1,1,2,54.159499255246,10.7729842714315,5,FALSE
"249",249,4,6,10,10,10,10,10,10,3,7,7,4,3,5,5,5,84.0839494110426,2,5,3,4,1,2,2,42.0607989612715,12.6912653804273,5,FALSE
"250",250,7,7,10,10,10,10,10,10,5,6,7,6,6,5,4,4,100,5,3,5,4,1,1,2,43.2257156450852,7.29399450952318,5,FALSE
"251",251,4,8,10,9,9,9,9,10,5,6,4,4,6,4,3,5,40.0239407539176,5,4,6,4,1,2,2,40.4333541871482,5.24683645784559,5,FALSE
"252",252,2,1,5,9,6,4,8,9,4,6,3,2,6,4,2,4,51.4147873784045,3,3,6,3,1,1,2,46.4562988560068,1,3,FALSE
"253",253,2,5,10,10,10,10,10,10,3,7,6,1,5,4,1,4,65.688357278855,4,4,6,4,1,1,2,53.7615081408846,11.1653368726851,5,FALSE
"254",254,5,7,10,10,10,10,10,10,5,7,4,5,6,5,4,5,67.8724602209626,5,3,5,4,1,1,2,36.977269884742,6.19635353865704,5,FALSE
"255",255,1,4,9,7,8,8,10,10,5,5,1,1,5,4,1,4,9.67890529714139,3,3,4,3,1,2,2,36.512509731038,8.38864215684876,3,FALSE
"256",256,4,4,9,9,6,7,8,9,5,6,6,4,5,5,4,5,82.7491643677862,3,4,2,3,1,2,2,36.8293899040413,10.7640665762957,5,FALSE
"257",257,5,2,4,10,8,8,7,6,5,4,4,4,5,3,3,3,32.5694067459916,5,4,6,2,1,2,2,50.1761790155075,10.0018781222054,5,FALSE
"258",258,6,0,0,10,0,0,5,10,2,7,7,4,3,4,4,4,79.1801287273739,2,4,2,2,1,2,2,39.3010343227293,14.0531757940869,5,FALSE
"259",259,5,3,10,10,10,9,10,10,4,7,6,3,5,5,5,5,79.0348950548353,5,5,4,4,1,1,2,42.0337986845875,5,5,FALSE
"260",2260,4,4,10,9,10,10,10,10,2,7,2,3,3,5,2,5,9.51177367799596,2,5,4,5,1,2,2,41.5185786234085,14.8558978626969,5,FALSE
"261",261,5,2,8,8,8,7,10,10,5,5,4,4,5,3,3,4,71.0939297498841,3,3,6,3,1,2,2,56.0561540780528,9.71567362680741,5,FALSE
"262",262,7,8,10,10,10,10,10,10,4,7,4,3,4,4,3,5,75.2172951278795,4,3,5,3,1,2,2,53.530368976368,15.0307187101446,5,FALSE
"263",263,3,2,7,7,8,7,9,7,2,4,3,1,4,4,1,4,38.8897677117783,1,3,3,3,1,2,2,35.3299191187766,5.85065692341061,5,FALSE
"264",264,6,3,9,9,6,8,8,9,3,4,5,5,3,4,5,5,79.4759313063047,4,3,4,4,1,1,2,45.9190349913245,8.1935274530622,2,TRUE
"265",265,3,9,10,10,10,10,10,10,5,7,3,4,6,4,2,5,48.4453515079658,5,5,6,5,1,1,2,42.0169780892693,6.18541880844813,4,TRUE
"266",266,4,7,10,10,10,9,10,5,2,7,6,2,5,5,4,5,43.9118984209582,1,4,4,4,1,1,2,46.8913340206819,8.26164202821153,4,FALSE
"267",267,4,3,8,8,8,8,8,8,2,5,1,4,4,4,1,4,33.225188515284,3,3,3,3,1,1,2,34.3487935324445,6.16901799223601,5,FALSE
"268",268,4,0,4,8,2,4,8,9,3,5,3,2,6,4,2,4,43.2524167320781,5,3,4,4,1,2,2,39.5595254371191,8.37545333882681,2,FALSE
"269",269,5,6,9,8,7,9,8,9,5,5,4,2,4,5,2,5,36.5381127135585,4,4,5,4,1,2,2,48.244814429014,5,4,TRUE
"270",270,7,9,10,9,10,10,10,10,3,7,7,4,4,5,4,5,57.2710754899268,5,3,6,4,1,1,2,55.8441549670427,10.8936561407002,5,TRUE
"271",271,6,2,10,10,7,10,10,10,4,7,5,5,5,5,5,5,98.7536566176604,4,4,4,5,1,2,2,44.3865642822356,9.44142514108167,5,TRUE
"272",272,3,2,4,6,9,6,8,8,2,5,4,2,4,4,1,4,39.6873053478081,2,4,4,2,1,2,2,50.9132286149646,9.6223459990486,5,FALSE
"273",273,6,5,7,10,7,7,10,10,2,7,4,5,5,4,5,4,90.6379777902201,3,4,5,4,1,1,2,59.2255488947577,7.79298798546219,5,FALSE
"274",274,5,3,8,8,7,7,8,8,2,5,5,4,5,4,4,4,85.4223677511329,1,3,2,3,1,1,2,40.3221285273576,8.56225144732976,4,FALSE
"275",275,6,4,8,7,10,8,7,8,1,5,4,3,4,4,3,4,75.436615501108,4,3,5,3,1,2,2,50.1857565067116,6.10189195698888,2,FALSE
"276",276,3,7,10,10,10,10,10,10,3,7,4,2,3,5,2,5,40.2332154345179,5,3,5,4,1,1,2,53.2414199305565,6.71801242461032,5,FALSE
"277",277,6,6,10,9,10,10,10,10,3,7,4,2,5,5,4,5,48.1419283218474,5,3,4,5,1,2,2,48.1249897181014,11.0348269004681,4,TRUE
"278",278,4,9,9,7,9,9,9,9,2,6,5,3,6,3,3,5,39.8126229116235,4,2,2,2,1,1,2,34.6599693289872,10.9227459062192,5,FALSE
"279",279,5,10,10,10,10,10,8,10,1,7,5,4,3,4,4,4,57.7677649150068,1,3,3,4,1,2,2,51.2462874188504,11.4976229411016,5,FALSE
"280",280,4,10,10,10,10,10,10,0,1,7,4,3,3,5,3,5,47.0755318896608,3,5,3,4,1,1,2,50.9397314476586,10.3780122292362,5,FALSE
"281",281,4,5,10,10,10,10,10,10,4,7,3,3,6,4,2,5,49.64625066979,3,4,4,4,1,1,2,38.0610898865724,5,5,FALSE
"282",282,6,3,8,8,10,9,9,9,5,5,4,4,4,4,5,4,73.9386938166758,3,3,4,3,1,1,2,45.6031850235825,9.93775664118678,5,FALSE
"283",283,2,4,10,8,10,9,9,9,5,6,4,4,6,4,2,4,62.9232661334655,5,3,6,3,1,2,2,45.531227106285,9.70288170306448,5,FALSE
"284",284,4,5,8,10,8,8,10,10,3,6,4,4,6,4,2,4,83.9446039923562,3,4,5,4,1,1,2,48.6153476077025,16.7689145601831,1,TRUE
"285",285,5,7,10,10,10,10,10,10,5,7,5,3,6,5,4,5,64.963101868338,4,4,4,4,1,1,2,39.8139530402347,10.7728329778667,5,FALSE
"286",286,4,7,10,8,10,10,8,10,4,7,2,2,5,5,1,5,38.2870623655774,3,5,5,4,1,1,2,39.2307127271978,6.32076736080878,5,FALSE
"287",287,4,6,9,9,9,9,9,9,2,6,4,3,4,4,1,4,80.1558888575998,2,3,2,4,1,2,2,33.0101791242863,8.59315315065714,5,FALSE
"288",288,2,5,10,10,9,9,10,10,2,6,5,4,4,5,1,5,30.9509256361079,4,5,5,4,1,1,2,48.2676408971848,7.02827555323421,5,TRUE
"289",289,5,1,10,10,9,9,10,10,3,7,5,2,6,4,3,5,62.258214199964,4,3,3,4,1,1,2,34.0342087635942,8.50133475937498,3,TRUE
"290",290,6,5,9,10,9,9,10,10,2,6,7,5,4,5,5,3,80.7320192777813,5,4,3,4,1,1,2,36.4490184302529,11.9459448369653,5,FALSE
"291",291,4,4,10,10,9,10,10,10,4,7,5,4,4,4,3,4,54.9786033149536,3,5,3,4,1,2,2,43.4029690872025,8.75430742643444,4,FALSE
"292",292,4,3,9,9,9,9,9,9,5,6,5,4,6,5,2,5,50.9594994737844,5,5,6,5,1,1,2,47.1208799532002,12.7269087106492,4,TRUE
"293",293,6,2,5,7,7,7,8,8,5,5,6,6,6,3,5,3,88.5607226034243,4,3,5,3,1,2,2,34.9446749205905,4,3,FALSE
"294",294,4,1,0,7,2,2,8,8,2,5,4,4,4,4,1,3,35.2203488670537,1,4,2,2,1,1,2,39.3783156845299,4,4,FALSE
"295",295,4,5,7,9,7,8,9,7,4,4,4,3,3,4,1,4,40.6488287793305,4,4,3,4,1,1,2,36.2681650806208,10.5276679098428,3,FALSE
"296",296,4,0,8,8,8,7,8,8,4,4,4,3,4,3,3,4,23.1204140538971,5,3,4,3,1,2,2,42.9753337619313,6.11858374019658,5,FALSE
"297",297,4,4,10,10,10,10,10,10,5,3,4,4,6,5,2,5,63.4755328085999,5,4,6,4,1,2,2,59.8119859677131,7.83048710874481,5,TRUE
"298",298,3,1,0,10,0,0,4,10,2,7,2,3,5,4,2,4,32.2975249070751,2,4,3,3,1,1,2,43.3616833489712,9,4,FALSE
"299",299,5,1,0,10,10,3,10,10,2,7,4,4,4,4,2,3,46.5849879728646,1,2,1,3,1,1,2,37.5676412600883,2,3,FALSE
"300",300,4,3,9,10,4,7,10,8,3,5,4,5,5,5,4,5,53.6199312630351,5,4,3,5,1,1,2,28.435776583693,9.90591582806619,5,FALSE
"301",301,4,7,10,10,10,10,10,9,4,7,4,4,6,5,3,5,51.3970815707659,4,5,5,5,1,1,1,47.5349090821981,9.56381502919593,5,FALSE
"302",302,4,6,10,10,10,10,10,9,4,7,4,5,5,5,3,3,66.3721911084322,4,3,4,2,1,2,1,38.494359866331,8.79579556374589,5,FALSE
"303",303,4,7,8,8,8,8,9,9,4,5,5,4,6,5,2,5,29.6866010490477,4,4,6,4,1,1,1,57.2835169467867,11.9084611780931,4,FALSE
"304",304,3,5,6,6,7,7,10,7,2,4,5,1,3,4,1,4,50.6184892640696,1,3,3,3,1,1,1,43.217445045193,6.32375392019099,4,FALSE
"305",305,5,9,10,10,10,10,10,10,3,7,7,4,2,5,5,5,67.5406945680804,2,4,5,5,1,1,1,52.4527913332892,11.7900482804354,5,TRUE
"306",306,5,0,0,8,7,0,8,8,2,5,7,3,4,4,5,4,69.6366388833823,2,4,2,3,1,2,1,35.7604820975224,11.9406408242769,5,TRUE
"307",307,4,7,10,10,10,10,10,10,5,7,5,5,6,5,4,5,42.5288710900893,5,5,4,5,1,1,1,29.2795394554749,8.2995342784569,5,TRUE
"308",308,4,2,8,8,9,9,9,9,3,6,5,5,4,5,1,5,48.6124808645064,5,4,4,4,1,2,1,48.8937596756289,7.04622142355136,5,FALSE
"309",309,3,6,10,8,3,3,8,8,3,5,1,1,4,5,1,4,29.0634152871211,4,3,2,4,1,2,1,34.9671219357369,7.65401287227564,3,TRUE
"310",310,4,9,10,10,10,10,10,10,4,7,4,3,3,5,3,4,67.2609603342648,4,3,4,4,1,1,1,39.2328782742866,4.4761969395468,5,TRUE
"311",311,3,2,6,8,6,7,8,6,2,4,3,5,2,4,4,4,26.1412687705943,1,4,4,4,1,2,1,51.9907179387957,11.8390138364398,5,TRUE
"312",312,3,3,8,9,8,8,7,10,5,7,3,3,6,4,1,4,63.9917581937442,4,3,4,2,1,1,1,35.8162433688629,6.45468671563665,5,FALSE
"313",313,4,6,9,10,8,8,10,10,5,7,5,2,5,4,2,4,38.7661585981355,3,4,6,3,1,2,1,51.1397567557377,3,5,FALSE
"314",314,5,6,10,10,10,10,10,10,4,7,7,5,4,5,5,5,100,4,5,4,3,1,2,1,50.2951915293187,8.98459271945656,4,FALSE
"315",315,4,7,10,10,10,10,8,8,3,7,4,4,6,4,3,5,49.4482082575983,4,3,4,4,1,1,1,44.9191072597214,6.03790709420352,5,FALSE
"316",316,4,5,10,5,10,10,8,10,4,5,3,1,4,3,1,3,30.4952085836972,5,3,6,3,1,1,1,55.7356475742869,9.82064938812882,3,FALSE
"317",317,3,2,8,8,8,8,8,8,1,5,2,3,6,5,1,5,32.7282240541816,3,3,3,3,1,2,1,36.2393024881738,12.635320830369,3,TRUE
"318",318,7,0,9,8,8,9,9,9,4,6,4,4,5,4,4,4,68.0640684842955,3,5,6,4,1,2,1,55.2511045044433,8.33993109110277,2,FALSE
"319",319,5,4,10,10,5,10,10,10,3,7,4,3,5,4,1,4,41.4982413503209,4,3,5,4,1,2,1,52.1999840901825,11.0201523660485,4,FALSE
"320",320,5,7,10,10,10,10,10,8,5,7,4,4,6,5,2,5,84.3129889022602,5,3,5,4,1,1,1,42.248026098073,9.50774687319151,5,FALSE
"321",321,5,4,10,10,10,10,10,9,4,7,7,4,5,5,2,5,100,5,4,6,4,1,2,1,54.4632068477045,11.0149327846098,5,TRUE
"322",322,4,3,10,10,9,9,10,10,5,6,4,5,4,5,3,5,65.9421829796343,4,5,4,3,1,1,1,36.769784807455,13.7399096778566,4,FALSE
"323",323,3,6,10,10,10,10,10,10,4,7,4,3,5,5,2,5,64.6770432663866,4,3,3,4,1,2,1,35.5871792813858,3.55910812227195,5,FALSE
"324",324,5,3,10,9,9,9,9,9,5,3,4,2,6,5,3,5,51.8822092809219,4,3,5,4,1,1,1,46.0527394744457,8.25654972879584,2,FALSE
"325",325,2,5,8,7,8,7,7,7,5,5,2,1,5,3,3,3,21.2802322645089,5,2,3,2,1,1,1,26.4967371034304,8.59943210410037,5,FALSE
"326",326,4,0,8,8,8,8,10,10,5,7,3,3,5,5,1,4,52.3314547654858,5,3,3,4,1,2,1,25.0537123316353,7.73074539558993,5,TRUE
"327",327,5,8,10,10,10,10,10,10,5,5,4,3,6,5,3,5,77.6746889727749,5,5,5,5,1,2,1,38.5765950943923,12.756450583321,4,TRUE
"328",328,5,3,10,10,10,10,10,10,5,7,5,4,6,5,4,5,68.9282121386455,3,3,6,5,1,1,1,58.6742652928566,10.4746575712859,3,FALSE
"329",329,4,5,9,9,10,10,9,9,4,6,3,4,4,5,3,4,64.325721198215,3,3,4,4,1,1,1,44.4184830548259,7.13137430691735,5,FALSE
"330",330,6,2,10,10,10,10,10,10,5,7,6,4,6,5,2,5,88.3165384714874,3,5,6,4,1,2,1,42.9364651498633,10.4443066616093,5,TRUE
"331",331,4,5,8,10,6,10,10,10,5,7,5,2,4,4,4,4,74.0741614199563,3,4,5,4,1,1,1,48.8917758849809,11.8300637729189,5,FALSE
"332",332,2,2,8,10,10,8,10,10,4,7,4,1,6,4,2,4,38.7892571222272,5,4,6,3,1,2,1,48.0413992674125,6.05264749220001,5,TRUE
"333",333,1,3,9,9,5,5,10,10,4,7,3,2,5,4,2,4,44.7998011941537,3,3,4,3,1,1,1,40.7638164772115,4.70914166780179,4,FALSE
"334",334,1,5,8,7,8,8,9,9,3,6,3,2,3,5,2,5,27.8647343000647,3,4,4,4,1,1,1,45.0031714760927,11.262584939593,5,TRUE
"335",335,4,7,9,8,9,9,9,9,3,5,5,2,6,5,1,5,65.4936104350766,2,3,3,4,1,1,1,34.6292070655411,2.19083954364884,3,FALSE
"336",336,2,6,10,10,7,10,10,10,1,7,3,1,4,5,1,5,41.8112438906239,2,5,2,4,1,2,1,31.1100546742814,6.9385832210614,5,FALSE
"337",337,2,0,8,10,6,6,10,10,4,7,4,2,5,4,2,5,62.3004384788969,3,4,4,4,1,2,1,46.3886597753109,15.8727983216997,5,FALSE
"338",338,5,4,4,10,10,10,10,10,5,7,5,2,6,2,1,2,26.7459317740941,4,2,5,1,1,2,1,39.7478528054742,10.634326074767,5,FALSE
"339",339,5,2,9,9,9,9,9,9,3,6,7,5,6,4,4,4,75.0970009137717,3,3,3,3,1,2,1,39.5299870224704,6.01703043145662,5,FALSE
"340",340,3,7,7,8,9,9,9,9,4,6,2,2,6,5,3,5,46.4891850547011,5,3,6,4,1,1,1,53.0155899130651,8.41635353826414,4,TRUE
"341",341,2,5,10,10,10,5,10,10,5,7,3,2,6,4,3,4,46.5213089931377,5,5,5,3,1,1,1,37.8856313089377,8.77906721287353,5,FALSE
"342",342,7,4,10,9,10,9,10,10,5,6,5,5,5,5,5,5,91.1919650994141,5,5,5,5,1,2,1,46.2765728011776,8.58493558559547,5,TRUE
"343",343,5,4,10,10,10,10,10,10,4,7,4,6,5,5,4,5,83.7359171308594,4,5,6,5,1,2,1,51.3153774922833,12.7388737156826,5,FALSE
"344",344,3,7,9,9,9,9,9,9,3,6,5,2,4,4,2,4,76.5661919486925,4,3,4,4,1,1,1,NA,NA,NA,FALSE
"345",345,5,4,8,9,8,8,9,9,5,6,5,4,6,4,3,4,55.2033667889813,5,3,5,3,1,2,1,41.7776924254662,11.0526581065389,5,FALSE
"346",346,6,8,10,9,9,9,9,9,1,7,5,6,2,5,1,5,76.0242392220516,1,4,2,4,1,2,1,43.5243381684384,5.5608818036151,5,FALSE
"347",347,6,9,10,10,10,10,10,10,4,2,4,3,6,3,2,4,70.0722436901769,3,3,1,3,1,1,1,23.8724350050503,1.34408853569327,4,FALSE
"348",348,4,6,6,6,5,5,8,8,4,5,3,3,4,4,2,4,42.6454321011562,5,3,4,2,1,2,1,41.9362381266461,9.35973078111358,4,FALSE
"349",349,5,4,7,10,10,10,10,10,3,7,4,3,5,5,2,4,49.0589374372959,1,3,1,4,1,2,1,26.0008504486119,0.1,5,FALSE
"350",350,2,3,8,9,8,8,9,9,3,6,4,2,6,4,1,3,14.5000239679626,2,3,2,3,1,1,1,34.7507170192738,13.3321819421972,5,FALSE
"351",351,4,7,9,9,9,9,8,9,5,6,3,3,6,5,3,5,46.2725989368881,5,3,5,4,1,1,1,37.2943025161089,3.02095823299965,3,TRUE
"352",352,5,7,10,9,10,10,10,10,4,7,4,5,5,5,4,5,81.2124599565858,3,5,4,4,1,1,1,46.0571621275833,10.2708407386452,5,TRUE
"353",353,5,2,9,8,10,9,9,9,4,6,6,3,5,5,5,5,90.4766182394908,3,4,3,4,1,2,1,40.5619301265761,9.39218871002036,2,FALSE
"354",354,4,7,10,10,10,10,10,10,3,7,4,3,4,5,2,4,50.4197415767921,3,3,5,3,1,1,1,47.8955530976838,10.7681127110273,5,TRUE
"355",355,5,4,8,9,8,8,9,9,3,6,4,4,5,4,2,4,71.2104098930021,4,3,4,3,1,2,1,36.4071953072794,3.89978697956428,5,FALSE
"356",356,7,10,10,10,10,10,10,7,4,7,5,3,5,5,5,5,64.9556188923883,5,5,5,5,1,1,1,45.1688046176783,8.66880664919743,5,TRUE
"357",357,2,2,5,4,5,6,5,5,4,2,3,2,5,4,2,4,44.0491044492694,5,4,4,3,1,2,1,42.0067000291856,7.50068305972654,3,TRUE
"358",358,5,4,7,8,5,7,7,7,5,4,4,4,5,4,1,4,28.39638148551,3,3,5,3,1,2,1,44.0919397001546,15.1085120256943,3,TRUE
"359",359,5,7,9,10,7,9,9,9,2,6,5,2,5,4,3,4,53.563016560943,1,4,3,3,1,1,1,44.5762843253309,8.93920884026528,5,FALSE
"360",360,3,7,10,10,10,10,10,10,5,7,2,1,6,4,1,3,55.5478683608442,5,2,5,2,1,1,1,40.8640176434337,12.4825568603513,5,FALSE
"361",361,3,3,10,10,10,10,10,10,5,7,5,2,6,5,3,5,29.8959414473299,5,4,6,4,1,1,1,39.0611553574343,6.87109660907236,5,TRUE
"362",362,5,3,9,10,9,8,10,10,5,7,5,4,5,4,4,5,60.2296238152439,4,3,6,3,1,1,1,53.7698254082912,10.5235077240465,5,FALSE
"363",363,4,3,10,10,9,10,10,10,4,7,4,2,5,5,3,5,73.7471379072608,4,5,6,5,1,1,1,54.4053893346632,10.8110482887083,4,TRUE
"364",364,5,4,10,10,10,10,10,9,2,7,6,4,3,5,4,4,66.3612138707416,3,3,3,3,1,2,1,41.7364423736091,7.2259461680372,3,TRUE
"365",365,4,8,10,9,10,10,7,9,2,6,4,3,5,5,2,5,57.2062815554797,5,3,4,3,1,2,1,40.1645595535414,10.1823177957236,5,FALSE
"366",366,4,7,8,5,8,8,5,5,2,2,4,2,4,4,3,4,58.273657296543,3,3,4,3,1,1,1,53.097540237651,11.9546689921729,4,FALSE
"367",367,6,2,9,10,7,7,10,10,3,7,7,6,3,5,5,4,69.4139949266438,3,4,4,4,1,2,1,47.5828315482186,15.1480763626883,5,FALSE
"368",368,6,4,8,8,8,8,8,8,2,5,5,2,5,4,3,5,61.362625898334,2,3,2,4,1,2,1,39.891937861486,12.1694443871126,5,FALSE
"369",369,5,3,9,9,9,9,9,9,4,6,5,4,4,4,4,4,49.9645075466194,4,3,4,4,1,1,1,46.8964998600847,11.5706503627506,5,TRUE
"370",370,1,5,8,8,8,8,8,8,5,5,1,2,5,4,1,4,0,5,4,5,3,1,1,1,42.2198905392774,4.61590043597767,5,FALSE
"371",371,5,6,10,10,10,10,10,10,1,6,4,3,3,5,2,5,71.1778824370662,3,5,4,5,1,2,1,47.3075446658408,6.01385764709252,5,TRUE
"372",372,2,9,8,10,10,10,10,10,5,7,2,3,6,4,3,3,37.4045597468395,4,3,4,3,1,1,1,34.1204464643749,13.3259078494819,3,FALSE
"373",373,5,6,10,9,10,10,9,9,4,7,5,4,5,4,3,4,70.9595983479612,5,3,5,4,1,2,1,47.2378114839739,11.8397733933522,5,FALSE
"374",374,5,7,9,8,9,9,7,7,5,4,4,2,6,5,3,5,54.8918422185716,3,3,5,4,1,1,1,50.989321328084,14.8665382058796,5,TRUE
"375",375,4,3,8,10,10,8,10,10,4,7,6,5,6,4,5,5,80.7942196710422,5,4,5,5,1,1,1,46.2584414082967,14.0111021324661,5,FALSE
"376",376,1,7,9,8,9,9,8,8,3,5,1,2,6,4,1,4,20.8916459300141,5,3,4,3,1,1,1,36.9917417086007,9.18144756780849,4,FALSE
"377",377,6,4,10,10,10,10,10,10,3,7,5,2,5,5,2,5,34.8260118482173,3,4,4,5,1,2,1,43.6590858952987,11.3666198516019,4,FALSE
"378",378,5,3,7,4,7,4,5,5,5,2,4,1,6,5,1,3,34.1570033345317,5,3,4,3,1,1,1,35.649390646999,9.4990884304309,2,FALSE
"379",379,3,5,9,8,9,9,9,9,5,6,3,2,6,5,1,5,53.341522243928,4,4,5,4,1,1,1,48.6217260543802,7.3387689689856,2,FALSE
"380",380,3,5,10,10,8,10,10,10,4,7,2,4,5,5,1,4,15.9959293172749,4,4,6,4,1,1,1,54.6477431006871,10.8513766258952,5,TRUE
"381",381,3,7,9,9,9,9,8,9,5,6,6,5,6,4,1,4,86.0487102027026,5,5,6,4,1,1,1,41.0980676297476,7.04074869206761,5,TRUE
"382",382,4,6,10,10,10,10,10,10,4,7,4,2,3,5,1,5,57.0810331007154,4,3,4,3,1,2,1,47.0341011415461,4.77655602813402,4,FALSE
"383",383,5,6,10,10,10,10,10,10,4,7,5,5,5,4,2,4,66.3542462053566,5,4,3,4,1,2,1,37.2800912133973,8.85369255432424,5,FALSE
"384",384,5,4,7,10,10,2,10,10,3,7,5,2,5,5,3,5,62.4227803141067,2,3,3,4,1,2,1,42.2948736461631,13.9385227102228,5,TRUE
"385",385,3,8,10,10,10,10,10,10,3,7,3,3,5,5,1,5,19.9063678806068,2,5,3,3,1,2,1,42.338998767717,10.1549137158639,5,TRUE
"386",386,2,2,10,10,10,10,10,10,3,7,1,1,3,5,1,5,55.5065886791603,2,3,3,2,1,2,1,34.7425956015783,8.15869270441538,5,FALSE
"387",387,4,7,10,10,10,10,10,10,4,6,3,3,6,5,3,5,41.1639980049576,5,5,4,4,1,1,1,38.0642355224557,3.1352678977102,5,TRUE
"388",388,6,6,10,10,10,10,8,8,3,7,6,5,6,4,3,4,69.1143298795325,5,4,3,4,1,2,1,28.4990803104901,4.00178730877066,5,FALSE
"389",389,4,9,10,10,10,10,10,10,5,7,4,3,6,2,4,1,66.1770703430258,4,1,6,1,1,1,1,55.8594862179633,9.08159611379576,5,FALSE
"390",390,5,8,9,9,9,10,9,9,4,6,3,2,4,5,2,4,47.6928592969414,2,5,4,4,1,2,1,39.8614246375258,2.97929498720152,3,FALSE
"391",391,7,6,8,8,10,9,8,8,2,5,7,5,5,4,5,4,90.66939934878,1,3,5,4,1,2,1,56.0935197980094,20,5,FALSE
"392",392,3,5,10,4,10,10,10,10,5,7,3,2,6,5,1,4,27.508133995656,4,3,4,3,1,1,1,37.6618859523074,11.248539248786,4,FALSE
"393",393,4,4,10,10,10,10,9,9,5,6,4,4,5,5,1,5,84.2874902767967,3,4,5,4,1,2,1,46.0273502456942,13.081528010061,5,FALSE
"394",394,6,2,9,10,9,9,10,10,3,5,7,6,2,5,5,5,100,2,5,1,4,1,2,1,40.0296585764325,10.2074017818852,5,FALSE
"395",395,4,2,10,9,7,9,10,10,5,7,4,3,4,5,2,5,34.484567768737,5,3,4,4,1,2,1,42.0966147532066,0.1,3,TRUE
"396",396,4,0,10,10,10,8,9,10,5,6,4,3,5,4,2,5,54.541665333548,4,3,5,4,1,2,1,49.2406436704127,7.60811645267377,5,FALSE
"397",397,4,2,10,9,10,9,10,10,4,7,5,4,6,4,4,5,80.0348580238647,4,3,6,5,1,2,1,53.68947643162,9.00867567255775,5,FALSE
"398",398,5,8,9,9,9,9,9,9,3,6,5,4,6,5,4,5,68.3297678032696,3,5,5,4,1,2,1,54.3618095241282,15.1906097904759,3,TRUE
"399",399,4,5,10,10,10,10,10,10,3,7,4,3,5,4,1,4,68.4599261966456,3,4,3,4,1,1,1,37.8917532123151,11.5589913063402,5,TRUE
"400",400,3,7,6,8,9,6,9,9,4,6,3,3,6,3,1,3,38.4831633281383,5,2,5,2,1,1,1,42.4145035060184,6.94792897719547,2,FALSE
