DATA,VALE5,GOLL4,AMBV4,ITUB4,BBDC4,BVMF3,RAPT4,MYPK3,GOAU4,LLXL3,CSAN3,DOLAR
03/08/2009,28.27,14.02,23.06,29.38,21.99,10.55,7.87,9.92,25.93,5.24,16.54,1.84
04/08/2009,28.27,14.27,23.05,30.24,22.47,10.73,7.81,9.59,25.93,5.08,17.19,1.83
05/08/2009,28.33,14.17,23.07,30.55,22.69,11.02,7.59,9.48,25.8,5.12,18.38,1.82
06/08/2009,27.98,14.22,22.89,29.3,22.02,11.28,7.49,9.52,25.24,5.08,18.75,1.83
07/08/2009,28.26,15.66,23.23,29.08,22.25,11.41,7.43,9.31,26.28,5.16,18.52,1.82
10/08/2009,28.29,15.81,23.21,28.72,22.01,11.17,7.27,9.21,26.94,5.04,18.53,1.84
11/08/2009,27.67,15.76,23.74,28.28,21.85,10.93,7.06,8.78,26.9,4.93,17.91,1.85
12/08/2009,27.91,17.74,23.57,27.6,21.23,10.62,7.29,8.55,25.9,4.69,17.21,1.84
13/08/2009,28.62,18.57,23.07,28.58,21.57,10.67,7.33,9.25,25.61,4.84,18.44,1.83
14/08/2009,28.87,18.24,23.4,28.96,21.85,10.9,7.43,9.26,25.71,4.85,18.45,1.84
17/08/2009,27.66,18.28,23.74,29.34,22.21,11.03,7.87,9.11,26.23,4.79,18.21,1.87
18/08/2009,27.55,19.84,24.08,29.13,22.25,11.09,7.94,9.02,26.55,4.83,18.03,1.86
19/08/2009,27.5,20.32,23.94,29.39,22.15,10.62,7.63,9.13,26.78,4.8,18.64,1.84
20/08/2009,27.77,19.73,23.94,29.76,22.32,10.53,7.64,9.28,26.16,4.68,18.82,1.84
21/08/2009,28.39,19.73,24.11,30.41,22.69,10.71,7.63,9.26,26.14,4.83,19.39,1.83
24/08/2009,28.74,19.67,24.08,30.18,22.69,10.83,7.69,9.26,26.75,5.06,19.68,1.83
25/08/2009,28.57,18.15,24.22,30.15,22.84,10.86,7.54,9.36,26.69,5.2,20.55,1.84
26/08/2009,28.57,18.34,24.08,29.96,22.58,10.51,7.31,9.12,26.02,5.15,20.27,1.87
27/08/2009,28.53,18.14,23.45,29.1,22.32,10.17,7.45,8.92,25.48,5.03,19.98,1.87
28/08/2009,28.74,17.84,23.35,29.02,22.13,9.96,7.61,9.16,24.95,5.15,19.83,1.87
31/08/2009,28.15,17.2,23.4,28.88,22.19,10.22,7.72,8.75,25.38,5.5,19.75,1.89
01/09/2009,27.87,17.88,23.36,29.61,22.87,10.43,7.68,8.96,26.09,5.61,19.22,1.88
02/09/2009,27.55,17.43,23.55,29.99,23.16,10.79,7.99,9.09,26.91,5.88,18.91,1.9
03/09/2009,27.85,17.93,23.77,30.37,23.31,10.71,7.9,9.47,26.47,5.72,19.02,1.87
04/09/2009,28.27,17.97,23.73,30.54,23.47,10.76,8.19,9.59,27.2,5.93,19.19,1.85
08/09/2009,28.91,18.36,23.67,30.87,23.76,10.76,8.14,9.86,27.05,6.07,19.25,1.83
09/09/2009,28.87,18.17,23.91,30.93,23.88,10.79,8.07,10.66,27.03,6.07,18.91,1.83
10/09/2009,29.43,17.97,24.42,31.39,24.13,10.75,8.08,10.82,27.02,5.97,19.07,1.83
11/09/2009,29.22,18.03,24.94,31.81,24.61,10.94,8.04,10.64,28.07,6,19.35,1.82
14/09/2009,29.51,18.44,24.99,31.82,24.7,10.99,8.18,11.06,28.25,5.8,19.18,1.82
15/09/2009,29.81,18.2,25.1,32.01,24.79,11.19,8.24,11.15,28.64,6.09,19.14,1.81
16/09/2009,30.24,18.59,25.22,31.77,24.59,11.19,8.49,11.09,28.78,6.2,19.2,1.8
17/09/2009,29.94,18.39,25.06,31.91,24.68,11.09,8.39,10.87,29.2,6.31,19.87,1.81
18/09/2009,30.33,18.63,25.02,31.39,24.26,11.12,8.41,10.68,28.22,6.15,19.11,1.8
21/09/2009,30.88,18.44,24.98,31.07,24.09,11.46,8.2,10.54,28.21,6.21,18.83,1.82
22/09/2009,31.67,18.44,24.7,31.24,24.24,11.57,8.34,10.54,28.03,6.23,18.72,1.81
23/09/2009,31.28,17.74,25.03,31.93,24.71,12.12,8.46,10.87,28.22,6.26,18.85,1.79
24/09/2009,30.93,17.82,24.94,32.99,25.35,12.07,8.37,10.68,27.97,6.38,18.75,1.79
25/09/2009,31.03,18.43,25.33,33.46,25.9,11.81,8.33,11.23,27.93,6.48,18.78,1.8
28/09/2009,31.48,18.39,25.81,33.61,25.74,11.65,8.11,10.93,27.32,6.63,18.5,1.79
29/09/2009,31.25,18.17,25.98,33.75,26.04,11.65,8.24,10.73,28.02,6.75,18.62,1.79
30/09/2009,31.31,18.2,26.38,34.41,26.94,11.96,8.37,10.84,29.3,6.85,19.59,1.78
01/10/2009,30.52,17.64,27.14,33.94,26.54,11.98,8.27,11.3,29.92,6.83,20.07,1.78
02/10/2009,31.29,18.18,26.76,32.86,25.48,12.02,8.36,11.75,30.24,7.1,19.44,1.78
05/10/2009,31.77,18.22,27.19,33.42,26.13,12.43,8.56,11.7,30.49,7.64,19.59,1.77
06/10/2009,31.83,17.99,27.43,33.75,26.39,12.52,8.37,11.58,30.8,7.87,19.65,1.75
07/10/2009,32.5,17.67,27.61,33.84,26.68,12.48,8.56,11.54,31.75,8.2,20.02,1.76
08/10/2009,33.02,16.91,27.93,34.78,27.34,12.44,8.47,11.54,33.81,7.95,19.44,1.74
09/10/2009,33.16,17.53,28.15,34.64,27.33,12.63,8.62,11.73,35.41,7.65,19.55,1.74
13/10/2009,33.05,17.54,27.85,34.31,26.94,12.44,8.74,11.4,34.29,7.63,19.87,1.73
14/10/2009,34.57,18.63,28.58,34.71,27.14,12.25,8.83,11.21,35.32,7.87,19.73,1.71
15/10/2009,34.81,19.13,28.08,34.03,26.46,11.22,8.62,10.49,34.35,7.98,19.14,1.7
16/10/2009,34.77,19.07,27.82,33.75,26.46,11.31,8.56,10.47,34.36,7.8,18.88,1.71
19/10/2009,35.85,18.54,28.58,34.41,27.13,11.52,8.62,10.71,34.99,7.58,18.92,1.71
20/10/2009,35.07,18.04,28.36,34.08,26.86,11.08,8.52,10.85,33.53,7.55,18.43,1.75
21/10/2009,35.31,17.75,28.27,34.03,26.64,10.9,8.24,11.11,33.57,7.35,18.15,1.74
22/10/2009,36.11,18.45,27.89,33.15,26.16,10.4,8.26,10.59,32.02,7.05,17.27,1.73
23/10/2009,35.5,18.61,26.99,30.94,24.73,10.22,7.91,10.45,29.48,6.6,17.76,1.71
26/10/2009,35.95,19.52,28.58,32.94,26.16,10.81,8.43,10.78,31.74,7.28,18.53,1.72
27/10/2009,34.34,18.73,27.67,31.41,25.4,10.31,8.37,10.77,30.14,6.98,17.81,1.73
28/10/2009,32.78,17.59,27.54,33.07,25.94,10.27,8.46,10.92,31.04,7.05,18.18,1.74
29/10/2009,35.59,18.73,27.71,34.14,25.76,10.85,8.9,11.06,31.86,7.14,18.24,1.74
30/10/2009,34.16,18.09,28.29,34.42,25.92,11.18,9.12,11.16,32.48,7.08,18.9,1.74
03/11/2009,35.47,18.16,28.23,34.27,25.73,11.12,9.06,11.1,31.69,7.08,19.02,1.76
04/11/2009,36.01,18.93,28.95,35.03,26.1,11.5,9.18,11.37,32.55,7.47,19.48,1.73
05/11/2009,36.28,19.23,29.55,35.48,26.25,11.27,8.96,11.16,32.38,7.51,19.18,1.72
06/11/2009,36.03,19.77,30.26,35.5,26.21,11.47,8.81,11.39,32.71,7.38,19.68,1.72
09/11/2009,37.24,20.32,28.92,34.47,25.66,10.89,8.75,11.21,31.06,7.15,19.78,1.7
10/11/2009,36.93,20.72,28.76,35.62,25.88,10.92,9.02,11.4,31.37,7.25,20.16,1.71
11/11/2009,36.66,20.38,29.45,35.87,26.47,11.16,9.17,11.04,32.03,7.43,20.55,1.71
12/11/2009,35.16,19.92,29.81,36.09,26.76,11.17,9.07,11.4,32.08,7.75,20.09,1.73
13/11/2009,35.59,20.57,29.79,35.64,26.5,10.83,8.96,11.39,31.49,7.68,20.12,1.73
16/11/2009,36.93,21.2,28.94,34.79,25.94,10.74,8.79,11.16,31.62,7.79,19.54,1.71
17/11/2009,37.5,21.99,29.1,35.54,26.36,10.7,8.81,11.58,31.79,7.84,19.3,1.72
18/11/2009,36.63,21.78,29.18,35.72,26.62,10.82,8.87,11.87,32.06,7.82,18.96,1.71
19/11/2009,36.8,22.39,28.83,36.38,26.73,10.86,9.12,12.03,32,8.14,19.97,1.73
23/11/2009,37.12,22.9,28.94,35.19,26.13,10.54,9.06,11.98,31.76,8.05,20.01,1.72
24/11/2009,37.32,23.1,29.1,35.4,26.33,10.73,9.06,11.83,31.76,8.09,20.4,1.73
25/11/2009,37.56,23.19,29.01,35.59,26.84,10.74,9.36,11.98,31.28,8.9,19.78,1.73
26/11/2009,36.79,22.8,29.01,36.92,27.35,10.97,9.3,12.11,32.48,8.9,20.07,1.74
27/11/2009,37.15,22.89,29.25,37.34,27.4,11.13,9.37,12.07,32.94,8.79,21.17,1.74
30/11/2009,36.69,24.79,29.12,36.92,27.47,10.95,9.55,12.11,33.32,8.82,21.36,1.75
01/12/2009,37.15,24.16,29.05,36.87,27.4,10.96,9.43,11.97,33.22,8.86,21.28,1.73
02/12/2009,36.81,24.87,29.84,37.57,28.36,11.02,9.59,11.92,33.75,8.9,21.5,1.72
03/12/2009,36.63,24.73,29.52,37.39,28.21,10.94,9.84,11.92,33.04,9,21.11,1.71
04/12/2009,35.81,24.91,29.63,37.38,28.21,10.89,10.15,11.87,33.56,9.23,21.14,1.71
07/12/2009,35.98,26.26,29.14,37.56,28.53,10.91,9.9,11.92,34.31,9.09,21.13,1.73
08/12/2009,35.62,27.05,29.52,37.53,28.68,10.99,9.86,11.87,34.36,9.06,21.1,1.75
09/12/2009,35.94,26.17,29.77,37.32,28.44,10.98,9.65,11.91,33.6,9.08,21.94,1.76
10/12/2009,36.61,26.86,29.97,37.63,28.5,11.02,9.61,11.87,33.81,8.96,22.46,1.76
11/12/2009,36.97,27.1,29.43,37.15,27.77,11.06,9.68,11.68,32.75,8.78,21.98,1.75
14/12/2009,37.39,26.27,29.73,36.14,27.09,10.95,9.61,11.32,31.95,8.55,21.3,1.75
15/12/2009,37.41,25.47,29.49,36.1,26.84,10.89,9.47,11.04,31.8,8.8,21.53,1.76
16/12/2009,37.17,25.91,28.72,35.79,26.8,10.65,9.24,11.4,31.13,8.53,20.93,1.75
17/12/2009,35.89,25.23,29.83,35.83,27.03,10.87,9.56,11.72,32.75,8.59,22.33,1.78
18/12/2009,35.89,24.21,29.57,35.53,26.8,10.89,9.52,11.85,33.04,9.05,22.75,1.79
21/12/2009,35.42,24.16,29.77,35.56,26.91,10.98,9.46,11.9,33.18,9.35,23.43,1.78
22/12/2009,36.42,25.32,30.7,36.22,27.1,11.12,9.49,11.88,33.55,9.82,24,1.78
23/12/2009,36.51,26.02,30.63,36.3,27.16,11.16,9.79,12.08,33.3,10.11,24.58,1.78
28/12/2009,36.71,25.61,31.17,37.82,28.15,11.79,9.9,12.23,34.11,9.97,24.48,1.74
29/12/2009,36.72,25.72,31.04,38.07,28.01,11.84,9.96,12.45,34.52,9.75,24.49,1.74
30/12/2009,36.54,25.85,31.18,37.74,27.78,12.28,10.01,13.13,34.87,9.56,23.79,1.74
04/01/2010,37.69,26.07,31.08,37.35,27.71,12.58,9.82,13.47,34.18,9.57,22.52,1.72
05/01/2010,38.22,25.85,31.15,36.79,27.68,12.28,9.99,13.6,34.24,9.59,22.72,1.72
06/01/2010,38.97,26.15,31.02,36.47,27.7,12.39,9.73,14.01,34.81,9.52,22.8,1.73
07/01/2010,39.23,26.43,31.42,36.13,27.78,12.28,10.01,14.17,34.25,9.4,22.32,1.74
08/01/2010,39.45,27.7,31.92,36.24,27.93,12.48,9.96,13.84,34.33,9.55,22.13,1.74
11/01/2010,39.62,27.78,32.71,35.74,27.34,12.48,9.68,13.77,33.97,9.53,22.66,1.73
12/01/2010,39.7,27.26,31.82,35.14,26.95,12.4,9.46,13.75,33.16,9.49,22.49,1.74
13/01/2010,40.28,27.55,31.77,35.45,27.19,12.32,9.68,13.39,33.13,9.65,22.38,1.74
14/01/2010,40.16,26.57,32.12,35.35,27.43,12.29,9.76,13.98,33.28,9.57,22.58,1.76
15/01/2010,39.96,25.97,31.21,34.42,26.78,12.09,9.56,14.06,32.09,9.16,21.77,1.77
18/01/2010,40.44,26.28,31.15,33.79,26.11,11.54,9.24,13.88,30.71,8.96,20.98,1.77
19/01/2010,40.92,26.58,31.42,34.18,26.11,11.5,9.51,14.35,30.47,8.82,21.99,1.77
20/01/2010,40.19,25.97,30.8,34.26,26.24,11.31,9.56,13.82,30.8,8.47,21.73,1.79
21/01/2010,38.76,24.31,30.71,33.77,25.66,11.11,9.59,13.92,29.94,8.3,21.49,1.79
22/01/2010,37.89,23.58,30.89,34.78,26.09,11.47,9.59,13.94,29.84,8.21,20.93,1.82
26/01/2010,36.89,24.03,30.36,34.06,25.74,11.59,9.62,14.15,29.89,8.34,20.45,1.84
27/01/2010,36.34,23.67,30.38,34.72,26.18,11.79,9.54,14.15,30.4,8.77,22.64,1.85
28/01/2010,36.5,23.73,31.1,35.18,26.59,11.82,9.71,14.24,31.28,8.82,22.47,1.86
29/01/2010,36.49,22.9,31.5,35.03,26.43,11.78,9.81,14.91,30.91,8.75,22.89,1.87
01/02/2010,37.76,22.71,30.42,33.68,25.64,10.93,9.55,14.72,29.71,8,22.34,1.88
02/02/2010,37.81,24.43,29.3,32.82,24.7,10.39,9.2,13.77,28.7,8.2,22.47,1.84
03/02/2010,37.69,23.99,29.09,32.73,24.66,10.61,9.07,14.01,28.31,8.15,23.52,1.83
04/02/2010,35.72,22.85,29.2,34.19,25.5,11.06,9.2,14.15,28.8,8.43,24.1,1.87
05/02/2010,35.33,22.55,29.49,34.38,25.81,11.1,9.24,14.25,28.94,8.8,23.81,1.88
08/02/2010,35.72,23.1,30.17,34.98,26.01,11.2,9.18,13.77,30.54,8.95,23.26,1.87
09/02/2010,36.57,24.43,29.68,34.97,26,10.96,9.14,13.99,30.61,9.2,23.39,1.86
10/02/2010,36.54,24.64,31.42,35.72,26.73,11.29,9.39,14.27,30.75,9.26,23.47,1.85
11/02/2010,37.24,24.93,31.42,35.84,26.57,11.33,9.58,14.43,31.27,9.38,23.62,1.85
12/02/2010,37.01,24.93,31.42,35.27,26.31,11.58,9.59,14.43,30.9,9.35,23.42,1.87
17/02/2010,38.35,25.11,31.19,34.89,26.03,11.59,9.68,14.48,31.06,9.29,23.34,1.83
18/02/2010,39.14,25.03,30.71,34.31,25.5,11.25,9.57,13.77,30.52,9.5,22.8,1.83
19/02/2010,39.06,24.42,30.71,33.93,25.42,10.65,9.68,13.77,29.99,9.26,22.32,1.81
22/02/2010,38.44,24.25,30.79,33.92,25.38,10.43,9.62,13.56,31.37,9.1,22.55,1.8
23/02/2010,37.92,24.06,30.54,34.78,25.62,10.78,9.46,13.11,31.33,9.54,22.6,1.82
24/02/2010,38.3,23.59,30.62,34.85,25.91,10.8,9.42,13.41,32.12,9.53,22.56,1.82
25/02/2010,38.58,23.13,31.06,35.41,26.21,10.87,9.49,13.65,31.78,9.35,22.7,1.84
26/02/2010,38.49,24.33,31.15,35.41,26.17,10.84,9.55,13.51,31.85,8.99,22.44,1.81
01/03/2010,38.67,24.98,30.76,35.36,26.21,10.91,9.25,13.65,32.12,8.94,21.79,1.8
02/03/2010,39.39,24.48,30.2,35.55,26.29,10.98,9.12,13.63,32.42,9.13,21.48,1.79
03/03/2010,39.26,23.99,30.12,35.54,26.05,10.73,9.24,13.22,32.65,9.05,21.58,1.78
04/03/2010,39.83,23.92,29.93,35.97,26.23,10.8,9.22,13.69,33.49,9.2,21.59,1.79
05/03/2010,41,23.49,30.01,36.13,26.32,10.93,9.21,14.21,33.53,9.38,21.89,1.78
08/03/2010,40.88,23.17,29.74,36.22,26.46,10.86,9.18,14.35,33,9.34,21.65,1.78
09/03/2010,41.28,23.69,29.73,35.64,26.19,10.74,9.11,14.26,32.7,9.25,21.93,1.79
10/03/2010,40.75,23.99,29.47,35.85,26.13,10.62,9.1,14.21,32.33,9.12,21.75,1.77
11/03/2010,40.42,24.17,29.75,36.08,26.36,10.55,9.08,14.01,33.56,9.05,21.75,1.77
12/03/2010,40.19,23.84,30.01,35.74,26.13,10.29,8.99,13.87,33.36,8.8,22.26,1.76
15/03/2010,40.44,23.4,30.01,35.46,26.1,10.55,8.9,13.97,33.11,8.57,22.47,1.76
16/03/2010,41.42,23.32,29.59,35.32,25.92,10.45,9.02,13.89,32.51,8.2,22.53,1.77
17/03/2010,41.26,22.85,29.45,35.84,26,10.59,8.91,13.67,32.17,8.26,22.56,1.76
18/03/2010,41,22.65,29.38,35.54,25.61,10.7,8.8,13.8,32.2,8.54,22.08,1.78
19/03/2010,40.53,21.96,29.04,34.79,25.32,10.5,8.74,13.39,31.56,8.35,21.44,1.8
22/03/2010,40.98,22.2,29.2,35.21,25.68,10.47,8.68,13.05,31.28,8.27,21.11,1.8
23/03/2010,42.04,22.05,29.48,35.84,25.84,10.47,8.52,13.17,32.07,8.22,21.55,1.78
24/03/2010,42,22,29.29,36.37,26.33,10.84,8.68,13.44,33.38,8.7,21.75,1.79
25/03/2010,41.71,21.91,29.39,36.75,26.56,10.85,8.69,13.29,34,8.63,21.36,1.8
26/03/2010,42.04,21.91,28.9,37.17,26.99,11.01,8.62,13.41,34.79,8.37,20.81,1.82
29/03/2010,42.83,22.15,28.81,37.38,27.31,11.17,8.63,14.26,35.38,8.5,20.74,1.81
30/03/2010,42.91,21.53,29.15,37.62,27.29,11.29,8.74,14.18,36.09,8.27,20.45,1.8
31/03/2010,42.91,22.1,29.28,37.14,26.95,11.47,9.02,14.69,36.99,8.22,20.93,1.78
01/04/2010,43.26,22.59,29.23,36.8,26.98,11.26,9.07,14.5,36.8,8.17,20.88,1.77
05/04/2010,43.12,22.73,29.2,38.12,27.83,11.51,9.17,14.83,37.64,8.43,21.2,1.76
06/04/2010,43.27,22,29.7,38.24,27.79,11.34,9.2,14.83,37.13,8.51,20.79,1.76
07/04/2010,43.47,22.72,29.65,37.71,27.42,11.17,9.09,14.81,36.37,8.69,21.6,1.77
08/04/2010,44.12,23.63,29.93,37.6,27.17,11.03,9,14.64,36.24,8.97,22.19,1.78
09/04/2010,44.2,23.59,30.33,37.81,27.25,10.97,8.99,14.77,36.76,8.92,22.8,1.77
12/04/2010,43.95,23.59,30.65,37.75,26.89,10.81,9.29,14.79,36.12,8.62,22.18,1.76
13/04/2010,44.12,22.88,30.32,36.57,26.33,10.62,9.04,14.76,35.28,8.33,21.7,1.76
14/04/2010,44.46,23.06,30.14,36.15,26.1,10.58,9,14.68,34.24,8.53,22.08,1.74
15/04/2010,44.71,23.57,30.32,36.47,26.25,10.81,9.29,14.69,34.06,8.61,22.08,1.75
16/04/2010,44.15,23,30.45,36.14,26.26,10.72,9.6,14.86,34.43,8.59,22.13,1.76
19/04/2010,43.86,22.49,31.02,36.19,26.08,10.7,9.64,15.22,35.17,8.47,22.2,1.76
20/04/2010,43.14,22.58,31.02,35.72,25.73,10.69,9.7,14.98,34.69,8.34,21.97,1.75
22/04/2010,43.39,22.85,30.12,34.53,25.32,10.33,9.72,14.93,33.07,8.31,21.07,1.76
23/04/2010,43.01,22.85,29.45,35.4,25.77,10.23,9.5,14.98,32.36,8.22,20.64,1.76
26/04/2010,42.78,22.6,29.95,36.04,26.28,10.6,9.42,15.68,32.93,8.52,20.74,1.74
27/04/2010,40.67,21.31,30.04,35.95,26.19,10.51,9.13,15.51,32.46,8.25,21.22,1.76
28/04/2010,40.43,22.12,30.14,36.05,26.06,10.44,9.17,15.27,31.77,8.5,21.31,1.76
29/04/2010,41.78,22.46,30.4,35.1,25.43,9.87,9.42,15.37,30.46,8.28,20.26,1.73
30/04/2010,40.63,22.9,30.14,34.99,25.5,9.98,9.43,15.46,30.76,8.09,19.87,1.73
03/05/2010,39.6,22.97,30.28,34.57,25.53,9.69,9.05,14.98,30.61,7.66,19.59,1.73
04/05/2010,37.68,22.58,30.49,34.47,25.29,9.55,8.64,14.5,30.1,7.52,18.74,1.76
05/05/2010,38.59,22.95,30.81,35.95,26.08,10.49,9.01,15.38,30.83,8.15,19.83,1.79
06/05/2010,37.69,21.71,31.08,35.45,25.82,9.89,9.17,14.88,30.34,7.61,19.68,1.84
07/05/2010,37.68,21,31.45,35.39,26.09,10.63,9.03,15.42,30.99,7.7,20.05,1.83
10/05/2010,39.42,22.07,31.41,34.86,25.7,10.88,9.19,15.69,30.75,7.3,19.74,1.78
11/05/2010,38.77,21.66,31.09,34.29,25.37,10.7,9.05,15.13,30.18,7.1,19.2,1.78
12/05/2010,38.77,22.29,31.47,34.24,25.49,10.9,9.19,15.08,29.98,7.46,19.2,1.77
13/05/2010,38.16,22.31,31.36,33.37,24.88,10.56,9,14.5,28.74,7.26,18.87,1.77
14/05/2010,37.01,22.38,30.85,31.67,24.13,9.99,8.39,13.64,27.78,7.07,18.43,1.8
17/05/2010,36.33,22.08,29.95,31.33,23.76,9.88,8.53,13.34,27.33,6.67,17.28,1.8
18/05/2010,34.93,22.09,30.83,31.95,24.88,10.27,8.71,13.9,28.16,7.06,18.53,1.79
19/05/2010,34.05,21.81,30.85,31.4,24.62,10.34,8.85,14.3,27.89,7.11,18.53,1.84
20/05/2010,32.74,20.67,30.91,30.63,23.62,10.21,8.67,14.21,27.56,7.05,18.24,1.87
21/05/2010,35.18,20.62,30.16,31.66,23.57,11.34,8.72,14.4,28.7,7.27,19.34,1.87
24/05/2010,34.75,20.36,30.91,32.23,24.37,11.09,8.73,14.64,29,7.58,19.78,1.85
25/05/2010,35.1,19.93,30.76,32.05,24.3,11.29,8.88,14.98,29.43,7.35,19.9,1.88
26/05/2010,34.59,19.53,30.75,33.1,25.04,11.28,9.05,15.26,30.41,7.4,19.92,1.85
27/05/2010,36.76,20.17,30.67,32.44,24.52,11.03,9,14.98,29.14,7.38,19.5,1.83
28/05/2010,36.63,20.08,30.97,33.36,24.97,11.07,9.08,15.21,29.69,7.38,19.5,1.82
31/05/2010,37.44,20.12,31.03,32.68,24.72,10.91,9.01,15.17,28.6,7.1,19.15,1.82
01/06/2010,36.67,20.56,31.46,31.69,24.23,10.9,8.74,14.69,27.33,6.91,18.87,1.83
02/06/2010,37.46,21.18,31.41,32.26,24.34,11.02,8.76,14.69,27.81,7.13,19.63,1.84
04/06/2010,35.71,21.16,31.46,31.96,24.04,10.9,8.67,14.5,27.99,7.25,19.39,1.84
07/06/2010,34.78,21.41,31.79,32.82,24.6,11.14,8.81,14.97,29.69,7.48,19.83,1.86
08/06/2010,35.15,21.3,31.73,33.31,24.85,11.15,9.04,15.08,30.28,7.36,19.97,1.87
09/06/2010,35.29,20.61,31.91,32.77,24.56,11.07,8.91,15.41,30.25,7.54,20.07,1.84
10/06/2010,35.99,21.16,32.26,33.58,25.05,11.16,9.19,15.8,30.93,7.71,20.8,1.82
11/06/2010,36.38,21.41,32.6,33.68,25.3,11.22,9.19,15.68,31.32,7.84,21.64,1.81
14/06/2010,36.41,21.13,32.71,33.53,25.01,11.38,9.29,15.9,30.85,7.85,21.71,1.8
15/06/2010,36.85,22.79,32.69,33.68,25.41,11.34,9.18,15.88,30.82,7.8,21.61,1.8
16/06/2010,36.5,22.78,33.33,33.82,25.54,11.36,9.54,15.78,30.85,7.7,21.58,1.79
17/06/2010,35.99,22.39,33.42,33.68,25.3,11.26,9.49,15.96,30.77,7.98,21.6,1.78
18/06/2010,35.51,23.04,33.67,33.84,25.38,11.67,9.57,15.8,31.25,7.8,21.52,1.78
21/06/2010,36.54,22.73,32.8,32.77,24.63,11.5,9.47,15.7,30.23,7.68,21.74,1.77
22/06/2010,36.3,22.7,33.1,33.01,24.9,11.83,9.59,15.75,30.39,7.99,21.7,1.77
23/06/2010,36.75,22.58,33.51,32.93,24.66,11.53,9.4,16.24,30.15,7.99,21.79,1.79
24/06/2010,36.02,21.87,33.06,31.57,23.67,11.04,9.64,16.14,28.76,7.48,21.59,1.79
25/06/2010,36.6,21.91,31.9,31.01,23.3,10.78,9.87,16.53,28,7.36,21.68,1.78
28/06/2010,35.81,21.71,31.73,32.44,24.34,10.55,9.65,16.43,28.37,7.3,21.89,1.78
29/06/2010,34.08,20.99,31.91,32.75,24.55,10.46,9.97,16.43,28.26,7.4,21.94,1.81
30/06/2010,33.1,21.19,31.56,31.96,24.18,10.32,10.22,16.43,27.17,7.27,21.89,1.8
01/07/2010,33.34,21.21,32.44,32.72,24.96,10.35,9.97,16.33,27.94,7.49,22.2,1.8
02/07/2010,33.18,21.66,32.62,34.64,26.14,10.69,10.23,16.43,28.41,7.85,22.37,1.78
05/07/2010,32.83,21.4,32.52,35.41,26.72,10.9,10.21,16.25,29.04,7.79,23.14,1.78
06/07/2010,33.14,21.56,32.21,35.54,26.49,11.01,10.51,16.63,28.56,7.67,23.14,1.77
07/07/2010,34.01,22.08,32.34,35.65,26.83,11.16,10.55,16.71,28.74,7.72,23.19,1.77
08/07/2010,34.06,22.15,32.43,35.39,26.78,10.88,10.68,16.62,28.02,7.47,23.13,1.77
12/07/2010,33.47,22.32,32.9,35.32,26.76,11.15,11.22,16.53,27.84,7.4,23.04,1.76
13/07/2010,33.66,22.76,33.08,34.43,26.31,10.92,11.3,16.91,27.21,7.21,22.47,1.75
14/07/2010,33.44,23.16,33.33,35.22,26.9,11.01,11.41,17.19,27.73,7.39,22.85,1.77
15/07/2010,33.12,23.89,33.12,35.52,27.3,11.07,11.23,17.09,28.56,7.64,22.8,1.77
16/07/2010,32.76,22.69,33.03,35.4,27.09,11.13,11.05,17.01,28.88,7.89,22.71,1.78
19/07/2010,33.62,22.69,33.51,36.37,27.88,11.25,11.07,17.2,29.48,7.98,22.71,1.79
20/07/2010,35.71,22.45,33.3,36.75,28.09,11.48,11.08,17.35,30.1,8.25,22.75,1.78
21/07/2010,35.93,22.05,33.2,36.83,28.01,11.53,10.98,17.73,29.67,8.31,22.61,1.78
22/07/2010,36.56,22.9,33.27,36.75,28.1,11.65,10.98,17.65,30.08,8.91,23.71,1.76
23/07/2010,36.86,23.47,33.75,37.61,29.37,11.89,10.84,18.07,30.28,8.66,23.77,1.76
26/07/2010,36.76,23.79,33.65,37.64,29.36,11.95,10.93,18.35,30.55,8.9,23.91,1.77
27/07/2010,36.63,23.5,33.75,37.79,29.42,12.04,11.22,18.84,29.71,8.9,24,1.77
28/07/2010,37.11,23.1,33.63,37.91,29.6,12.22,11.27,18.68,30.29,8.85,24.43,1.77
29/07/2010,37.13,23.67,33.42,36.76,29.11,12.13,11.07,18.77,30.98,9.04,23.7,1.76
30/07/2010,37.26,24.28,33.33,36.13,28.91,12.28,11.12,18.65,31.24,9.24,23.5,1.76
02/08/2010,38.51,25.07,33.15,36.2,28.97,12.38,11.22,18.46,31.48,9.32,24.42,1.75
03/08/2010,38.47,23.71,32.46,36.62,29.02,12.44,11.3,18.84,31.15,9.5,23.99,1.76
04/08/2010,38.37,23.69,32.49,36.76,29.2,12.51,11.22,18.76,31.08,9.34,23.73,1.76
05/08/2010,38.51,23.11,32.44,36.59,28.81,12.22,11.29,19.02,30.32,9.3,24.14,1.75
06/08/2010,38.49,23.99,32.16,36.01,28.24,11.99,10.88,18.13,28.88,9.33,23.99,1.76
09/08/2010,38.55,23.55,32.35,36.18,28.29,11.84,10.81,18.36,29.07,9.81,24.09,1.75
10/08/2010,38.07,24.08,32.27,36.24,28.21,11.81,10.69,18.28,28.66,9.49,23.47,1.76
11/08/2010,37,23.74,32.96,36.41,28.55,11.95,10.71,18.71,28.65,9.3,23.36,1.77
12/08/2010,37.3,23.29,33.51,36.65,28.7,12.16,11.1,18.61,29.02,9.39,23.26,1.77
13/08/2010,37.45,25.77,33.84,36.56,29.02,12.31,11.05,18.75,28.49,9.16,23.08,1.77
16/08/2010,37.88,24.28,33.95,36.13,28.52,12.41,10.81,18.56,27.87,9.34,23.43,1.76
17/08/2010,38.39,24.76,33.72,36.05,28.43,12.08,10.74,17.98,28,9.25,22.53,1.75
18/08/2010,38.66,24.44,33.68,35.81,28.43,11.82,10.88,18.27,27.62,9.05,22.77,1.75
19/08/2010,38.33,23.9,33.51,35.19,27.79,11.65,10.75,18.35,27.23,8.9,22.66,1.76
20/08/2010,37.85,23.63,32.98,35.17,27.38,11.87,10.79,18.26,27.16,8.97,23.01,1.76
23/08/2010,36.93,22.82,32.94,34.3,26.97,11.72,10.56,18.35,26.47,8.75,22.33,1.76
24/08/2010,36.09,22.2,33.42,35.75,27.7,12.15,10.83,18.94,27.74,9.1,22.08,1.77
25/08/2010,35.74,21.55,33.19,35.31,27.06,11.8,10.74,18.69,27.13,8.98,21.78,1.77
26/08/2010,35.54,21.18,34.3,36.34,27.8,12.01,10.76,18.94,27.2,8.9,22.42,1.76
27/08/2010,36.63,22.52,34.53,36.83,28.78,12.3,10.93,18.86,28.58,9.1,22.82,1.75
30/08/2010,35.54,22.02,34.4,36.43,28.13,12.2,10.98,18.23,27.93,9.09,22.96,1.76
31/08/2010,36.17,22.5,34.24,36.38,27.88,12.29,11.02,18.06,28,9.56,22.66,1.76
01/09/2010,37.81,23.29,34.14,36.05,27.72,12.39,11.03,18.46,28.48,9.68,22.33,1.74
02/09/2010,37.41,23.4,34.67,36,28.07,12.81,10.81,18.53,29.01,9.64,22.33,1.74
03/09/2010,37.3,23.14,34.57,35.83,28.29,13.02,10.84,18.5,29.25,10,23.21,1.73
06/09/2010,37.12,23.4,34.9,35.75,28.17,13.09,11.16,18.36,28.97,10.8,23.7,1.73
08/09/2010,36.42,23.64,34.91,37.01,29.31,13.45,11.44,18.1,29.18,10.1,24.09,1.72
09/09/2010,36.47,24.04,35.55,37.54,29.44,13.38,11.51,18.36,28.86,9.3,24.09,1.72
10/09/2010,36.19,24.24,36.24,37.76,29.64,13.53,11.38,18.8,29.03,9.6,24.45,1.72
13/09/2010,37.14,24.46,36.33,37.39,29.4,13.32,11.12,19.23,28.75,9.6,24.43,1.72
14/09/2010,36.9,25.21,35.78,37.2,29.08,13,11.31,20.01,28.1,9.19,24.17,1.71
15/09/2010,37.11,25.52,36.68,37.49,29.58,13.24,11.35,19.72,28.19,9.3,24.78,1.72
16/09/2010,36.9,25.03,35.77,36.9,29.29,13.47,11.49,20.2,28.1,9.2,24.53,1.72
17/09/2010,36.51,24.98,36.29,37.15,29.49,13.78,11.49,20.25,27.81,9.32,24.48,1.72
20/09/2010,37.2,25.3,36.13,37.44,29.86,13.98,11.49,20.1,27.19,9.32,24.48,1.72
21/09/2010,37.27,25.16,35.65,37.15,29.49,13.32,11.31,20.1,25.98,9.25,24.24,1.73
22/09/2010,37.85,26.07,36.52,37.2,29.81,13.39,11.36,20.1,26.41,9.45,24.48,1.72
23/09/2010,37.92,26.17,36.82,37.54,29.85,13.61,11.29,19.86,27.04,9.5,23.91,1.72
24/09/2010,38.99,25.92,37.4,38.22,30.68,13.39,11.31,20.1,26.53,9.22,24.29,1.71
27/09/2010,39.82,26.45,36.96,38.9,30.97,13.28,11.41,20.49,26.38,9.26,24.62,1.71
28/09/2010,40.08,26.76,37.49,39.23,31.33,13.17,11.99,21.17,26.18,9.3,24.49,1.71
29/09/2010,40.25,26.08,37.94,39.28,31.17,13.22,11.99,21.26,26.07,9.22,24.37,1.71
30/09/2010,40.43,25.72,38.39,40.26,31.96,13.7,12.11,21.41,26.07,9.39,24.53,1.69
01/10/2010,40.82,26.9,38.75,39.9,31.83,13.42,12.46,21.65,25.4,9.25,24.66,1.68
04/10/2010,40.83,26.99,38.93,39.98,31.81,13.34,12.56,21.75,24.96,9.15,24.77,1.69
05/10/2010,41.33,27.26,39.63,40.86,32.54,13.66,12.57,21.36,25.28,9.2,25.84,1.68
06/10/2010,41.42,27.4,39.55,40.55,32.43,14.12,12.9,21.89,25.42,9.16,25.71,1.68
07/10/2010,41.47,27.36,41.01,41.02,33.1,14.66,13.59,22.66,25.06,8.95,26.34,1.68
08/10/2010,41.3,28.16,41.24,40.72,32.99,14.13,13.32,22.18,24.91,8.9,26.82,1.68
11/10/2010,41.39,28.16,41.45,41.13,32.71,14.22,13.47,22.71,25.07,8.77,26.25,1.66
13/10/2010,41.6,29.54,41.63,41.35,32.85,13.62,13.52,22.71,24.82,9.05,25.68,1.66
14/10/2010,42,29.2,41.27,40.52,32.24,13.18,12.99,22.23,24,8.8,25.09,1.66
15/10/2010,42.21,29.74,41.27,40.91,32.83,13.21,13.52,22.68,24.12,9.16,25.95,1.66
18/10/2010,43.37,28.95,41.81,40.39,32.24,12.79,13.9,22.86,23.66,9.25,25.98,1.67
19/10/2010,42.47,29.13,42.26,40.76,32.65,12.99,14.08,23.29,23.82,9.2,25.56,1.69
20/10/2010,43.55,29.55,42.97,40.87,33.06,12.99,14.37,23.68,23.84,9.25,26.34,1.67
21/10/2010,42.69,29.08,41.54,40.77,33.7,13.27,14.45,24.04,23.9,9.3,26.24,1.69
22/10/2010,42.61,29.09,40.81,39.94,32.2,13.44,13.99,23.82,24.19,9.36,26.44,1.7
25/10/2010,42.84,28.37,41.18,39.56,31.82,13.25,13.62,24.28,25.01,9.08,26.93,1.7
26/10/2010,43.46,29.14,42.62,39.9,32.01,13.37,13.68,23.92,25.29,9.38,26.29,1.7
27/10/2010,43.04,28.94,42.53,40.67,32.88,13.57,13.48,23.86,25.64,9.48,27.4,1.71
28/10/2010,42.31,29.04,41.71,40.54,33.33,13.55,13.9,24.5,25.87,9.57,27.71,1.71
29/10/2010,42.18,29.09,42.47,41.62,33.67,13.61,14.1,24.81,26.25,9.5,28.25,1.7
01/11/2010,42.7,29.9,42.89,41.83,33.73,13.47,13.81,24.55,25.35,9.45,27.72,1.7
03/11/2010,42.61,30.13,43.25,41.87,33.9,13.19,13.9,24.89,26.12,9.32,27.57,1.69
04/11/2010,43.59,30.08,41.93,40.74,32.9,12.85,13.62,25.13,25.98,9.24,27.79,1.68
05/11/2010,43.57,29.14,42.17,41.21,33.35,12.41,13.71,24.65,26.55,9.19,27.71,1.68
08/11/2010,43.96,28.75,41.91,40.4,32.53,12.49,13.57,24.36,26.07,9.22,27.42,1.7
09/11/2010,43.89,28.16,41.81,40.4,32.4,12.55,13.4,23.82,25.77,9.18,26.64,1.7
10/11/2010,44.03,28.25,41.79,39.58,32.05,12.4,12.96,23.28,24.69,9.25,25.9,1.71
11/11/2010,44.16,27.79,42.44,39.53,31.78,12.86,13.4,23.58,25.01,9.36,25.95,1.72
12/11/2010,43.38,28.25,43.32,39.93,31.95,13.16,13.62,23.75,25.43,9.3,26.73,1.72
16/11/2010,42.62,27.75,43.51,40.33,32.25,13.16,13.79,25.13,25.25,9.27,26.45,1.73
17/11/2010,42.67,28.47,44.03,39.7,31.57,12.78,13.52,24.36,24.54,9.03,26.64,1.73
18/11/2010,43.68,28.45,42.89,38.66,30.99,12.85,13.02,24.03,24.12,8.8,25.64,1.71
19/11/2010,43.78,28.65,42.94,38.99,31.66,13.21,12.82,24.25,24.61,8.9,25.76,1.72
22/11/2010,43.55,27.7,42.84,38.93,31.55,13.08,12.82,24.16,24.01,8.86,25.64,1.72
23/11/2010,42.58,26.71,42.62,38.57,31.3,12.94,12.46,24.44,23.49,8.57,25.1,1.73
24/11/2010,43.73,27.59,42.17,38.09,31.21,12.8,12.84,23.72,22.81,8.55,24.77,1.72
25/11/2010,43.5,27.7,41.54,37.75,30.68,12.36,13.23,24.33,22.61,8.5,25.71,1.72
26/11/2010,42.86,27.22,42.17,38.49,31.35,12.66,13.38,24.55,23.83,8.5,26,1.73
29/11/2010,42.84,27.09,42.31,38.63,31.68,12.66,12.86,24.39,24.58,8.18,26.34,1.73
30/11/2010,42.4,27.21,43.72,38.03,31.04,12.81,12.67,23.68,24.51,4.59,26.54,1.72
01/12/2010,43.49,27.84,43.41,37.69,30.49,12.69,12.59,23.46,24.79,4.8,26.64,1.71
02/12/2010,43.73,28.12,42.9,37.81,30.61,12.57,12.74,22.57,25.27,4.72,26.44,1.7
03/12/2010,44.12,28.1,43.35,37.46,30.52,12.19,12.56,23.08,24.77,4.53,26.28,1.69
06/12/2010,44.37,27.42,43.05,36.94,30.24,12.1,12.08,22.62,25.25,4.4,25.75,1.68
07/12/2010,44.34,26.76,43.42,36.94,30.14,11.88,11.8,21.57,26.16,4.3,25.55,1.67
08/12/2010,43.5,26.47,43.57,37.04,30.49,12.09,12.37,21.95,27.03,4.38,25.16,1.69
09/12/2010,43.69,25.75,43.63,37.21,30.61,12.02,12.39,21.94,26.54,4.33,25.01,1.7
10/12/2010,44.17,25.69,44.45,36.99,30.27,12.13,12.09,21.47,26.27,4.34,25.27,1.71
13/12/2010,44.98,25.48,44.45,36.7,29.82,12.07,12.31,22.11,25.71,4.25,25.08,1.7
14/12/2010,44.81,25.19,44.81,37.04,29.91,12.27,12.29,22.33,26.37,4.5,25.16,1.69
15/12/2010,44.47,25.52,45.05,36.23,29.57,12.14,12.09,22.24,25.67,4.64,24.82,1.7
16/12/2010,44.08,24.67,46.43,37.07,30.04,11.92,12.14,23.1,26.89,4.69,25.76,1.7
17/12/2010,44.04,25.15,46.03,37.94,30.64,12.09,12.1,22.65,26.74,4.64,26.13,1.71
20/12/2010,43.99,24.98,46.18,37.84,30.52,12.07,11.99,23.2,26.55,4.55,26.57,1.71
21/12/2010,44.48,24.85,46.15,37.19,29.9,12.02,11.66,22.42,26.06,4.5,26.45,1.7
22/12/2010,44.39,24.29,45.53,37.17,29.85,12.16,11.77,22.91,25.55,4.49,26.82,1.69
23/12/2010,44.21,24.88,45.75,37.99,30.3,12.31,11.66,22.81,25.91,4.65,27.17,1.7
27/12/2010,43.37,24.47,46.21,38.28,30.46,12.45,11.89,23.29,26.06,4.73,27.04,1.69
28/12/2010,42.67,24.28,46.84,38.4,30.82,12.7,11.62,22.86,26.69,4.75,26.93,1.69
29/12/2010,42.85,24.78,46.73,38.71,31.1,12.73,11.48,22.71,27.42,4.68,27.41,1.68
30/12/2010,42.84,24.88,46.05,39.29,31.68,12.44,11.89,22.17,27.78,4.63,27.35,1.67
03/01/2011,44.08,25.67,46,38.36,30.84,12.63,11.9,21.46,27.73,4.61,26.93,1.65
04/01/2011,44.9,26.25,45.5,37.42,30.32,12.32,12.29,21.46,27.8,4.53,26.93,1.66
05/01/2011,45.55,26.26,45.73,37.72,30.38,12.37,12.31,21.17,27.47,4.5,27.27,1.67
06/01/2011,45.33,25.69,45.6,37.95,30.53,11.95,12.37,21.26,27.59,4.5,27.71,1.69
07/01/2011,44.96,25.69,44.36,38.95,31.13,11.98,12.48,21.7,28.58,4.47,28,1.69
10/01/2011,45.09,25.28,43.64,38.1,30.75,11.61,12.47,21.93,28.06,4.35,27.62,1.69
11/01/2011,45.46,25.92,42.83,38.33,31.04,11.76,12.78,21.94,28.1,4.36,27.66,1.69
12/01/2011,46.3,26.56,43.59,37.79,30.61,11.8,12.97,21.69,27.62,4.36,27.08,1.68
13/01/2011,46.15,26.47,42.16,37.3,30.64,11.59,12.65,21.47,27.6,4.41,26.96,1.67
14/01/2011,46.42,26.27,41.98,36.9,30.27,11.41,12.34,21.14,26.83,4.4,27.2,1.68
17/01/2011,46.98,25.77,41.72,36,29.73,11.33,11.91,20.78,26.37,4.3,26.79,1.68
18/01/2011,47.47,26.24,40.79,36.01,29.49,11.36,12.08,20.15,26.16,4.3,26.05,1.67
19/01/2011,46.82,25.78,41.92,36.27,29.95,11.59,12.22,20.6,26.01,4.33,26.25,1.67
20/01/2011,46.32,25.33,42.81,35.75,29.77,11.53,12.37,20.59,25.38,4.33,25.78,1.67
21/01/2011,46.67,25.49,42.71,35.9,29.89,11.41,11.9,19.91,25.14,4.3,25.76,1.67
24/01/2011,46.88,25.53,41.53,35.12,29.18,11.26,11.61,19.62,24.31,4.16,25.44,1.67
26/01/2011,46.63,25.49,40.97,34.44,28.74,11.04,11.18,19.43,24.79,4,25.49,1.67
27/01/2011,46.31,24.91,40.65,34.94,28.78,11.27,11.37,19.96,25.8,4.08,26.34,1.67
28/01/2011,45.37,24.3,40.93,34.61,28.43,11.23,11.22,20.01,25.73,3.99,25.76,1.68
31/01/2011,45.32,23.6,40.52,34.26,28.2,11.11,10.84,19.35,26.6,3.94,25.7,1.67
01/02/2011,46.1,23.98,39.81,33.31,27.26,10.68,10.59,18.85,25.97,3.8,25.22,1.66
02/02/2011,45.46,23.26,40.06,33.65,27.54,10.43,11.02,18.41,26.16,3.72,25.18,1.67
03/02/2011,45.51,22.97,40.34,34.65,28.29,10.62,11.02,19.38,26.38,3.74,25.46,1.67
04/02/2011,44.79,22.47,39.33,33.84,27.77,11,10.74,19.13,25.39,3.99,24.38,1.67
07/02/2011,44.72,22.5,38.69,33.65,27.82,11.02,10.97,18.79,26.02,3.86,23.42,1.68
08/02/2011,44.36,22.89,40.1,34.95,28.85,11.25,10.93,19.33,26.5,3.93,24.04,1.67
09/02/2011,43.28,21.89,40.06,35.21,29.01,11.4,11.05,19.9,26.6,3.96,24.48,1.66
10/02/2011,43.47,22.3,40.7,35.83,29.39,10.86,11.04,19.86,26.35,3.95,24.24,1.67
11/02/2011,44.15,23.5,41.48,36.64,30.19,11.06,11.25,21.26,26.73,4.08,24.75,1.67
14/02/2011,44.96,23.41,41.71,36.99,30.22,11.28,11.44,21.73,27.23,4.05,24.48,1.67
15/02/2011,44.56,22.9,42.26,36.82,30.05,11.08,11.37,21.07,27.66,4.14,24.09,1.67
16/02/2011,44.85,23,42.07,36.25,29.66,10.79,11.03,21.06,26.69,4.09,24.1,1.67
17/02/2011,44.98,22.82,41.16,35.46,28.91,10.46,10.59,20.44,26.01,4.07,24.17,1.67
18/02/2011,44.65,22.8,40.07,35.63,29.02,10.52,10.59,19.81,25.67,4.3,24.68,1.67
21/02/2011,43.73,21.97,39.64,35.3,29.18,10.67,10.76,19.32,25.07,4.47,24.55,1.67
22/02/2011,42.93,22.17,39.9,35.15,29.3,10.74,10.64,19.47,24.94,4.43,24.74,1.67
23/02/2011,43.77,21.11,40.43,35.81,29.96,10.75,10.88,19.87,25.13,4.54,25.45,1.67
24/02/2011,43.77,21.85,41.39,35.05,29.49,10.52,10.72,19.58,24.6,4.52,25.17,1.66
25/02/2011,43.78,21.53,42.93,35.18,29.48,10.78,10.57,19.8,24.77,4.53,26.15,1.66
28/02/2011,44.08,21.83,41.96,36.04,30,11.02,10.87,20.4,25.96,4.54,26.19,1.66
01/03/2011,43.42,21.11,41.58,36.16,30.07,10.96,10.65,20,25.58,4.5,25.89,1.66
02/03/2011,43.96,21.11,41.3,35.42,29.39,10.98,10.45,19.9,25.1,4.54,25.76,1.66
03/03/2011,44.08,21.31,41.56,34.06,28.31,10.72,10.58,19.75,24.69,4.43,25.24,1.65
04/03/2011,43.6,21.17,42.32,34.91,28.57,10.55,10.69,20.05,24.2,4.44,25.07,1.65
09/03/2011,42.33,21.11,41.86,35.07,28.75,10.66,10.96,20.3,25.13,4.61,24.91,1.66
10/03/2011,40.94,20.54,41.65,35.49,29.03,10.64,10.86,19.9,25.46,4.61,25.02,1.66
11/03/2011,41.54,21.02,40.79,34.65,28.48,10.67,10.92,19.95,24.76,4.62,24.48,1.66
14/03/2011,41.45,21.01,40.75,34.47,28.48,10.71,10.76,20.21,24.49,4.63,24.24,1.66
15/03/2011,40.76,21.99,41.25,35.2,28.85,10.97,10.56,20.58,24.4,4.73,24.43,1.67
16/03/2011,39.73,21.7,41.4,35.21,29.1,10.75,10.64,20.8,23.37,4.59,25.33,1.67
17/03/2011,40.81,21.43,41.77,36.36,30.07,10.64,10.8,21,23.32,4.7,25.46,1.68
18/03/2011,41.62,21.55,41.99,35.98,29.67,10.64,10.88,20.97,23.42,4.72,25.22,1.67
21/03/2011,41.67,21.22,41.58,36.03,29.65,10.58,10.77,21,23.31,4.65,25.12,1.67
22/03/2011,41.49,21.49,41.44,36.04,29.62,10.59,10.59,21.37,23.13,4.71,25.53,1.66
23/03/2011,42.1,21.81,40.69,36.03,29.5,10.55,10.59,21.08,23.1,4.8,25.3,1.66
24/03/2011,41.68,21.9,41,35.78,29.48,10.9,10.53,20.87,23.33,4.78,24.88,1.66
25/03/2011,41.67,21.96,42.08,36.79,30.4,11.27,10.74,21.55,23.34,4.94,24.78,1.66
28/03/2011,41.3,22.05,42.14,38.06,31.24,11.26,10.79,21.68,23.77,5.03,24.87,1.66
29/03/2011,42.07,21.9,43.38,38.01,31.38,11.68,11.31,22.2,23.51,5.25,25.54,1.65
30/03/2011,41.84,21.91,42.74,37.68,31.11,11.58,11.46,22.39,23.41,5.26,25.9,1.64
31/03/2011,42.12,21.65,43.32,37.7,30.96,11.81,11.68,22.7,23.36,5.2,26.23,1.63
01/04/2011,41.89,21.62,42.93,37.57,30.84,11.54,11.63,22.65,23.03,5.04,25.27,1.62
04/04/2011,42.88,21.66,42.65,37.63,31.07,11.62,11.7,22.7,23.45,5.21,23.94,1.61
05/04/2011,42.93,21.67,42.51,36.84,30.41,11.57,11.47,21.84,23.57,5.14,23.33,1.61
06/04/2011,42.54,21.56,42.53,36.57,30.21,11.32,11.48,22.25,23.62,5.15,23.59,1.61
07/04/2011,42.15,21.19,41.95,36.38,29.85,11.15,11.22,21.95,22.9,4.95,23.41,1.59
08/04/2011,42.16,20.69,41.74,36.4,29.91,10.9,11.3,21.8,22.54,4.96,23.16,1.58
11/04/2011,42.07,20.55,43.11,36.05,29.65,10.94,11.27,21.65,22.32,4.92,23.11,1.58
12/04/2011,41.27,20.45,43.11,36.19,29.52,11.02,11.37,21.85,22.69,4.98,23.36,1.59
13/04/2011,40.81,20.62,43.57,35.9,29.45,10.99,11.03,21.7,22.08,4.72,23.11,1.59
14/04/2011,41.26,20.66,44.65,36.46,29.67,11.18,11.33,21.39,21.88,4.79,23.11,1.58
15/04/2011,41.12,20.86,44.59,37.09,30.2,11.19,11.61,22.15,22.36,5,22.99,1.58
18/04/2011,40.71,20.47,45.2,36.96,30.16,11.29,11.62,22.39,22.17,4.91,23.31,1.59
19/04/2011,41.19,20.6,45.9,37.35,30.33,11.31,11.8,22.38,22.44,4.9,23.5,1.58
20/04/2011,41.88,21.32,46.22,36.84,29.85,11.31,11.67,22.29,22.14,4.72,22.8,1.57
25/04/2011,42.12,21.57,46.1,35.85,29.1,11.25,11.62,21.9,21.75,4.44,23.02,1.57
26/04/2011,42.14,21.7,46.45,36.31,29.44,11.22,11.44,22.29,22.38,4.55,23.7,1.57
27/04/2011,41.68,21.26,47.11,35.78,29.18,11.16,11.11,22.2,21.88,4.35,23.06,1.57
28/04/2011,41.48,21.52,46.19,34.56,28.31,11.07,10.74,22.25,21.38,4.28,22.28,1.59
29/04/2011,41.5,21.61,46.05,34.6,28.3,11.12,10.9,21.8,20.79,4.25,22.18,1.57
02/05/2011,40.77,21.6,47.49,35,28.47,11.13,10.99,21.64,20.21,4.24,22.03,1.57
03/05/2011,40.16,21.08,48.14,35.83,29.06,11.49,11.06,21.49,20.43,4.35,22.38,1.59
04/05/2011,39.51,21.21,47.3,35.94,29.18,11.63,11.2,22.07,20.45,4.31,22.96,1.6
05/05/2011,40.06,21.94,47.12,36.59,29.64,11.75,11.42,22.96,20.31,4.31,22.67,1.62
06/05/2011,39.95,22.1,46.63,36.05,29.51,11.41,11.35,22.55,20.29,4.36,22.12,1.61
09/05/2011,40.04,21.52,46.56,35.87,29.59,11.32,11.52,22.41,20.47,4.55,22.52,1.62
10/05/2011,40.09,21.9,46.11,34.97,28.83,11.16,11.32,22.4,19.99,4.63,21.92,1.61
11/05/2011,38.88,20.99,45.74,34.62,28.57,11.12,11.14,22.3,19.9,4.83,21.03,1.62
12/05/2011,38.78,21.26,46.5,34.74,28.74,11,11.34,21.95,20.25,4.9,21.54,1.62
13/05/2011,38.07,21,45.86,33.97,27.99,10.74,11.38,21.8,20.19,4.75,20.91,1.63
16/05/2011,37.97,20.72,45.77,33.91,27.99,10.65,11.33,21.5,19.91,4.69,20.79,1.63
17/05/2011,38.42,20.86,45.73,33.82,27.99,10.66,11.18,21.7,19.95,4.64,21.35,1.63
18/05/2011,38.56,20.44,45.68,33.67,28.01,10.64,11.14,21.61,19.92,4.57,21.35,1.62
19/05/2011,39.15,20.07,45.63,34.38,28.56,10.67,11.33,21.6,20.3,4.75,22.38,1.62
20/05/2011,39.41,19.66,45.61,34.02,28.3,10.76,11.64,22.4,20.89,4.72,23.31,1.62
23/05/2011,39.36,19.58,45.36,35.11,29.12,10.7,12.05,22.55,20.85,4.65,23.34,1.63
24/05/2011,39.75,19.83,45.63,34.95,29.1,10.82,12.06,22.6,20.97,4.67,23.1,1.63
25/05/2011,39.68,19.85,45.26,34.8,28.93,10.77,12.03,22.45,20.84,4.66,23.26,1.63
26/05/2011,40.33,19.6,45.17,35.08,29.08,10.95,12.15,23.2,21.34,4.78,23.65,1.62
27/05/2011,40.49,19.52,44.8,34.68,28.61,10.69,12.01,22.8,20.69,4.57,22.65,1.6
30/05/2011,40.34,20.14,44.71,35.02,28.8,10.83,11.96,22.4,20.71,4.72,23.75,1.6
31/05/2011,40.39,19.94,45.72,35.11,28.94,10.95,12.01,22.7,20.54,4.82,24.29,1.58
01/06/2011,40.06,19.79,45.4,34.29,28.47,10.76,11.77,22.7,20.1,4.66,24.09,1.59
02/06/2011,40.27,20.54,45.54,34.81,29.03,10.69,11.97,22.82,20.15,4.81,23.7,1.58
03/06/2011,40.07,20.65,46.23,34.64,28.98,10.77,11.97,22.62,19.91,4.74,24.11,1.57
06/06/2011,39.7,20.01,46.66,34.37,28.76,11.03,12.13,22.75,20.2,4.76,24.19,1.58
07/06/2011,39.71,20.1,45.87,34.18,28.35,10.93,12.11,22.35,19.96,4.62,23.65,1.58
08/06/2011,39.7,19.37,45.27,34.08,28.37,10.81,12.24,22.5,19.74,4.63,23.57,1.58
09/06/2011,40.05,19.09,46.17,34.53,28.64,10.76,12.35,21.99,19.73,4.67,24.19,1.59
10/06/2011,39.69,18.85,45.68,34.86,28.83,10.33,12.34,22.1,19.64,4.6,23.21,1.59
13/06/2011,39.09,18.63,45.45,34.65,28.52,10.14,12.45,21.5,19.41,4.66,23.6,1.59
14/06/2011,39.19,18.87,45.12,34.26,28.42,10.54,12.49,21.88,19.11,4.75,24.03,1.58
15/06/2011,38.97,18.52,46.1,34.47,28.52,10.21,12.25,21.56,19.03,4.69,24.09,1.6
16/06/2011,38.53,17.9,46.6,33.74,28.53,10.02,12.27,21.49,19.01,4.71,24.03,1.61
17/06/2011,38.47,17.94,46.39,34,28.75,9.95,11.93,20.74,18.76,4.74,23.99,1.6
20/06/2011,39,18.26,46.43,33.81,28.54,9.85,12.27,20.39,18.52,4.67,23.65,1.6
21/06/2011,39.32,17.98,46.89,33.82,28.68,9.75,12.22,20.73,18.67,4.69,23.5,1.59
22/06/2011,39.5,17.65,47.05,34.83,29.53,10.13,12.27,20.67,18.86,4.81,23.94,1.59
24/06/2011,39.72,18.43,47.72,35.14,29.76,9.98,11.94,20.49,19.44,4.78,23.99,1.6
27/06/2011,39.67,18.43,47.61,35.21,29.9,9.85,12.07,20.63,19.44,4.8,24.09,1.6
28/06/2011,40.08,19.05,48.54,35.25,30,10.36,12.15,20.31,19.74,4.8,23.9,1.58
29/06/2011,40,18.8,48.4,35.56,30.44,10.3,12.31,20.34,20.1,4.87,23.7,1.57
30/06/2011,40.21,18.63,48.87,35.5,30.33,10.06,12.24,20.73,19.81,4.83,23.43,1.56
01/07/2011,42,19.42,48.68,34.97,29.96,9.98,12.11,21.41,19.59,4.75,23.29,1.56
04/07/2011,42.38,20.06,48.08,34.24,29.54,10.13,12.09,21.59,19.88,4.73,22.77,1.56
05/07/2011,41.73,20.3,47.33,33.51,29.05,9.97,11.91,20.83,19.64,4.73,23.11,1.56
06/07/2011,41.71,19.77,46.58,32.28,28.17,9.65,11.55,20.02,19.25,4.55,23.13,1.57
07/07/2011,41.89,19.1,45.84,31.44,27.56,9.33,11.36,19.73,18.66,4.46,23.63,1.56
08/07/2011,41.52,19.77,46.02,31.64,28.26,9.54,11.85,20.15,18.74,4.67,23.77,1.56
11/07/2011,41.08,18.75,46.11,30.7,27.58,9.2,11.68,19.62,18.43,4.5,23.68,1.58
12/07/2011,41.18,18.15,45.08,30.61,27.12,9.32,11.51,19.86,17.99,4.58,23.59,1.58
13/07/2011,41.78,17.95,45.56,30.33,26.52,9.1,11.17,18.98,17.78,4.44,23.06,1.58
14/07/2011,41.25,17.46,46.12,31.05,26.9,9.07,11.07,18.84,17.77,4.67,22.99,1.57
15/07/2011,41.33,17.47,45.62,31.27,27.23,9.18,10.98,18.6,17.48,4.47,23.28,1.57
18/07/2011,41.48,16.7,45.37,31.7,27.89,9.51,10.86,19.33,18.17,4.47,23.99,1.58
19/07/2011,41.57,16.48,45.58,31.71,27.93,9.39,10.9,19.67,17.84,4.46,23.96,1.57
20/07/2011,41.35,16.25,44.56,31.05,27.59,9.37,10.59,19.3,17.68,4.44,23.85,1.57
21/07/2011,41.44,16.48,43.9,30.5,27.55,9.11,10.54,19.14,17.43,4.3,23.19,1.56
22/07/2011,41.58,17,43.02,29.9,27.21,8.61,10.21,19.08,17.41,4.08,22.43,1.55
25/07/2011,41.66,16.47,43.87,29.99,27.7,8.48,10.26,19.32,17.5,4.3,22.98,1.54
26/07/2011,41.58,15.97,42.83,30.37,27.84,8.65,10.51,19.57,17.25,4.33,23.31,1.53
27/07/2011,41.3,15.54,42.73,30.34,28.1,8.54,10.35,19.16,17.26,4.2,23.15,1.56
28/07/2011,41.68,15.31,43.21,28.58,27.19,8.31,10.06,18.89,16.77,4.04,22.52,1.57
29/07/2011,41.08,12,43.45,27.96,26.75,7.98,9.78,18.03,16.44,4,21.92,1.56
01/08/2011,41.05,11.9,41.81,26.86,25.78,7.44,9.16,16.94,15.31,3.47,20.77,1.56
02/08/2011,40.35,11.8,43.26,27.1,26.15,7.87,9.09,16.71,15.31,3.63,21.17,1.57
03/08/2011,39.28,10.84,41.25,24.46,23.85,7.58,8.51,15.21,14.05,3.1,19.13,1.57
04/08/2011,37.16,10.02,43.02,25.97,25.16,7.98,9.11,15.97,14.29,3.27,19.61,1.58
05/08/2011,36.24,9.83,43.11,25.53,24.8,8.34,9.61,15.98,14.17,3.18,20.1,1.59
08/08/2011,32.91,9.12,45.21,26.38,25.49,8.59,9.42,17.24,15.58,3.3,20.87,1.6
09/08/2011,34.45,10.7,46.11,26.87,25.53,8.63,9.38,17.73,16.67,3.33,21.61,1.63
10/08/2011,34.68,10.36,47.14,27.46,25.92,8.55,9.48,17.52,16.7,3.42,22.34,1.62
11/08/2011,36.16,10.34,48.22,27.09,25.95,8.49,9.29,16.83,16.09,3.4,22.74,1.63
12/08/2011,36.11,10.18,48.26,27.9,26.44,8.73,9.19,16.91,16.28,3.63,23.18,1.62
15/08/2011,36.75,10.5,48.08,26.77,25.4,8.39,8.96,16.61,15.74,3.43,22.52,1.6
16/08/2011,36.66,10.28,48.64,25.77,24.78,8.22,8.86,16.47,15.6,3.4,22.32,1.59
17/08/2011,37.16,10.54,48.17,25.43,24.75,8.36,8.8,16.09,15.61,3.41,22.06,1.58
18/08/2011,35.32,10.11,49.95,25.63,25.12,8.44,8.97,15.84,16.47,3.58,22.83,1.61
19/08/2011,34.41,10.22,49.76,25.48,25.3,8.6,9.29,16.42,16.14,3.78,22.74,1.6
22/08/2011,34.59,10.26,49.57,25.71,25.12,8.26,9.32,16.03,15.71,3.65,22.05,1.6
23/08/2011,35.6,10.64,48.66,26.35,25.07,8.26,9.38,16.42,16.05,3.71,22.86,1.6
24/08/2011,35.68,11.3,49.93,26.74,25.63,8.63,9.62,16.9,16.33,3.92,23.19,1.6
25/08/2011,35.32,10.9,50.51,27.27,25.87,8.68,9.96,17.24,16.44,3.99,22.79,1.62
26/08/2011,35.98,11.07,51.77,27.9,26.58,8.93,10.09,17.92,16.75,4.08,23.43,1.61
29/08/2011,36.67,11.71,51.47,29.8,28.54,9.66,10.18,18.78,16.84,4.16,23.87,1.6
30/08/2011,36.92,11.85,51.44,29.01,27.49,9.28,9.98,18.7,16.37,3.91,23.48,1.59
31/08/2011,37.49,12.04,50.79,27.86,26.53,8.97,9.73,18.31,15.98,3.8,23.33,1.59
01/09/2011,37.8,12.28,50.82,28.34,27.54,8.92,10.06,18.31,16.25,3.89,23.43,1.6
02/09/2011,37.21,12.03,50.96,28.69,27.92,9.25,9.94,18.89,16.89,3.92,24.31,1.63
05/09/2011,36.59,11.46,50.18,27.85,27.09,8.81,9.82,18.65,16.63,3.71,24.41,1.65
06/09/2011,37.5,12.07,50.53,27.36,26.63,8.61,9.71,18.2,16.87,3.7,24.41,1.66
08/09/2011,38.19,12.1,50.83,27.09,26.55,8.54,9.5,18.36,16.83,3.62,23.82,1.66
09/09/2011,37.74,11.94,51.58,27.35,26.83,8.73,9.59,18.77,17.34,3.7,24.58,1.68
12/09/2011,38.07,11.97,51.64,27.8,27.17,8.76,10.11,18.99,17.3,3.7,24.61,1.69
13/09/2011,38.33,12.24,51.83,28.33,27.58,8.95,10.23,19.36,17.96,3.86,24.8,1.71
14/09/2011,38.87,12.75,52.87,28.09,27.44,8.87,10.2,19.62,18.35,3.85,24.99,1.73
15/09/2011,39.39,12.62,53.31,28.01,27.36,8.95,9.96,19.17,17.61,3.76,24.98,1.71
16/09/2011,39.65,13,53.3,27.93,27.32,8.96,10.01,18.94,17.64,3.74,24.49,1.71
19/09/2011,40.19,12.5,52.34,26.83,26.22,8.41,9.58,17.85,17.11,3.59,23.33,1.78
20/09/2011,40.58,12,52.19,26.52,25.36,8.81,9.77,18.25,16.86,3.63,23.37,1.79
21/09/2011,40.07,12.07,52.24,27.1,25.82,8.85,10.1,18.22,17.45,3.67,23.66,1.83
22/09/2011,38.34,11.06,51.82,28.23,26.29,8.71,10.34,18.5,17.22,3.7,24.21,1.9
23/09/2011,37.81,11.23,52.27,28.14,26.34,8.49,10.18,18.44,16.85,3.7,24.11,1.87
26/09/2011,37.35,11.52,52.61,28.33,26.62,8.47,10,18.26,16.69,3.74,24.21,1.84
27/09/2011,37.64,11.43,53.08,28.09,26.18,8.41,9.84,18.43,16.35,3.63,23.49,1.8
28/09/2011,37.42,11.12,52.46,27.73,25.51,8.23,9.32,17.49,15.71,3.46,22.54,1.81
29/09/2011,36.98,10.77,52.84,27.38,25.81,8.28,8.84,16.61,15.32,3.39,22.99,1.83
30/09/2011,36.18,10.24,53.5,27.85,25.85,8.42,8.8,16.47,15.42,3.44,22.74,1.85
03/10/2011,35.27,9.67,53.03,28.38,26.08,8.87,8.99,18.89,15.85,3.6,23.18,1.88
04/10/2011,34.9,10.21,53.08,28.03,25.43,8.83,9.06,19.28,15.42,3.49,23.1,1.89
05/10/2011,35.69,10.39,53.69,29.13,26.47,9.12,9.18,19.76,16.51,3.74,23.72,1.85
06/10/2011,36.24,11.18,53.37,29.68,26.74,9.44,9.47,19.66,16.68,3.78,24.04,1.81
07/10/2011,35.33,11.1,53.69,30.02,27.36,9.47,9.53,20.85,16.91,3.82,24.5,1.77
10/10/2011,36.47,11.95,53.69,30.36,27.31,9.43,9.52,21.17,16.98,3.9,24.67,1.75
11/10/2011,37.1,12.46,54.12,30.26,27.22,9.31,9.26,21.27,16.43,3.66,24.49,1.77
13/10/2011,37.76,12.25,55.02,30.36,27.67,9.46,9.3,20.83,16.75,3.7,25.05,1.75
14/10/2011,37.97,12.29,55.59,30.94,27.6,9.44,9.72,21.55,16.51,3.57,25.81,1.74
17/10/2011,36.62,11.98,55.58,30.55,27.6,9.17,9.76,21.63,16.09,3.57,25.97,1.75
18/10/2011,36.67,12.51,55.71,31.14,28.19,9.44,10.06,22.33,16.78,3.67,26.28,1.77
19/10/2011,35.62,12.74,55.54,31.85,28.88,9.62,10.06,22.7,17.63,3.72,26.16,1.76
20/10/2011,35.17,12.35,55.68,30.97,28.58,9.52,10.27,22.7,17.15,3.6,25.97,1.78
21/10/2011,35.79,12.78,55.35,31.51,28.82,9.58,10.21,22.77,17.54,3.68,25.94,1.78
24/10/2011,37.92,13.48,54.24,32.48,29.73,9.94,10.45,23.14,18.89,3.82,26.37,1.78
25/10/2011,37.56,13.07,54.27,32,29.63,10.02,10.89,23.53,19.42,3.88,26.17,1.75
26/10/2011,38.5,13.19,54.4,31.65,29.35,9.81,10.59,23.44,18.99,3.82,26.27,1.76
27/10/2011,39.4,13.96,54.84,31.08,29.07,9.64,10.14,22.87,18.28,3.67,26.27,1.73
28/10/2011,39.4,13.9,54.84,31.44,29.27,9.64,10.22,22.86,18.69,3.72,25.97,1.7
31/10/2011,38.56,13.51,54.86,31.54,29.2,9.64,9.92,22.21,19.04,3.81,25.97,1.69
01/11/2011,38.19,13.1,54.53,31.52,29.32,9.75,10.16,22.03,19.06,3.78,26.27,1.75
03/11/2011,39.41,14.21,54.16,31.47,29.51,9.81,10.01,22.21,18.98,3.73,26.38,1.73
04/11/2011,39.93,14.61,54.92,30.68,29.04,9.88,9.51,21.8,18.44,3.57,26.15,1.74
07/11/2011,40.3,14.19,54.53,30.36,28.49,9.69,9.63,21.55,18.34,3.6,26.15,1.75
08/11/2011,40.12,14.17,55.08,30.78,28.89,9.9,9.69,22.13,18.91,3.6,26.61,1.75
09/11/2011,39.49,13.81,55.12,30.86,29.32,9.8,9.6,22.13,18.39,3.58,26.27,1.75
10/11/2011,39.32,13.63,55.78,31.06,29.42,10.03,9.64,21.93,18.46,3.55,25.97,1.76
11/11/2011,39.84,13.89,55.02,29.89,28.37,10.25,9.76,21.6,17.64,3.44,25.31,1.75
14/11/2011,39.67,14.05,54.7,29.44,27.85,10.24,9.58,21.31,17.45,3.49,25.41,1.76
16/11/2011,39.96,13.85,54.44,29.01,27.33,9.78,9.59,21.36,17.28,3.46,25.19,1.78
17/11/2011,39.08,13.2,54.44,28.94,26.95,9.58,9.27,21.31,17.02,3.37,25.44,1.78
18/11/2011,38.99,13.17,54.82,28.58,26.51,9.3,9.1,21.12,16.7,3.2,25.18,1.77
21/11/2011,38.89,13.01,55.49,28.69,26.58,9.28,9.12,21.02,16.47,3.18,25.37,1.81
22/11/2011,38.64,12.95,55.45,28.53,26.48,9.08,9.42,21.12,16.4,3.11,25.29,1.81
23/11/2011,37.67,12.51,56.11,29.33,27.01,9.06,9.55,20.97,16.68,3.08,26.01,1.84
24/11/2011,37.67,12.58,56.78,29.1,26.8,9.11,9.53,20.73,16.06,3,25.82,1.87
25/11/2011,36.86,12.27,57.29,30.84,28.02,9.47,9.59,21.6,16.82,3,26.37,1.89
28/11/2011,37.33,12.97,58.92,32.06,29,10.11,9.67,23.14,17.32,3.23,27.05,1.86
29/11/2011,36.72,12.61,58.62,32.18,29.05,10.12,9.87,23.06,17.11,3.28,26.95,1.85
30/11/2011,36.89,13.5,58.53,32.69,29.4,10.17,9.75,22.67,17.83,3.61,27.2,1.81
01/12/2011,37.15,14.25,59.54,32.82,29.58,10.04,9.67,22.57,18.14,3.56,27.35,1.79
02/12/2011,37.72,14.08,60.19,32.77,29.33,9.78,9.66,22.48,17.93,3.44,27.45,1.78
05/12/2011,38.28,14.68,60.72,32.7,29.33,9.5,9.46,22.29,17.29,3.38,27.34,1.78
06/12/2011,38.31,14.96,60.89,33.06,29.55,9.68,9.47,22.57,17.48,3.56,27.27,1.79
07/12/2011,36.92,15.5,61.08,32.67,29.47,9.49,9.47,22.77,17.27,3.48,27.31,1.8
08/12/2011,36.39,15.04,62.04,32.63,29.73,9.56,9.42,23.92,17.49,3.48,27.23,1.79
09/12/2011,36.98,15.7,61.74,32.38,29.36,9.49,8.95,23.98,17.26,3.51,26.27,1.81
12/12/2011,36.44,15.34,62.61,31.9,28.62,9.59,8.72,23.5,17.24,3.47,25.93,1.82
13/12/2011,36.45,15.07,62.57,32.09,28.61,9.49,8.51,24.27,17.3,3.28,26.12,1.84
14/12/2011,35.92,14.43,63.14,31.9,28.88,9.36,8.51,23.54,16.66,3.34,26.27,1.87
15/12/2011,35.49,14.42,63.65,32.67,29.65,9.63,8.6,24.05,17.27,3.42,26.47,1.86
16/12/2011,35.41,13.91,62.82,32.67,29.56,9.6,8.39,24.29,17.3,3.37,26.27,1.85
19/12/2011,34.78,12.83,62.58,33.25,29.94,9.7,8.37,24.52,17.78,3.36,26.17,1.86
20/12/2011,36.05,12.92,63.17,33.53,29.92,9.69,8.58,24.9,17.92,3.37,26.18,1.85
21/12/2011,36.08,12.83,62.7,33.35,29.84,9.67,8.4,25.19,17.93,3.38,26.52,1.86
22/12/2011,36.58,12.8,63.26,33.45,29.93,9.7,8.31,25.07,18.21,3.49,26.44,1.86
23/12/2011,36.82,12.8,63.17,32.69,29.39,9.44,8.18,24.97,17.54,3.34,26.37,1.86
26/12/2011,36.58,12.86,63.84,32.83,29.7,9.4,8.35,24.34,17.59,3.37,26.46,1.86
27/12/2011,36.69,12.72,64.12,32.88,29.66,9.35,8.48,24.78,17.39,3.35,26.17,1.86
28/12/2011,35.74,11.91,63.27,33.71,30.31,9.51,8.64,24.8,18.59,3.45,26.54,1.86
29/12/2011,35.75,12.44,61.11,33.74,30.36,9.68,8.56,25.02,18.77,3.48,26.67,1.88
02/01/2012,36.77,12.65,60.57,33.49,30.16,9.58,8.54,25.06,19.04,3.46,26.89,1.87
03/01/2012,38.25,12.89,60.7,33.73,30.54,9.72,8.6,25.34,19.32,3.41,26.56,1.85
04/01/2012,38.55,12.6,60.35,33.94,30.62,9.88,8.63,25.8,19.54,3.37,26.76,1.83
05/01/2012,37.58,12.27,60.24,34.39,30.68,10.08,8.76,26.28,19.99,3.4,27.21,1.84
06/01/2012,37.3,12.12,60.57,34.43,30.7,9.98,8.72,26.75,20.24,3.42,27.15,1.84
09/01/2012,37.33,12.17,60.71,34.51,30.71,9.79,8.77,26.77,20.35,3.42,27.25,1.84
10/01/2012,37.34,12.37,60.71,34.29,30.16,9.69,8.68,27.11,19.82,3.36,26.9,1.8
11/01/2012,37.63,12.39,61.37,34.52,30.39,9.69,8.82,26.52,20.41,3.36,26.95,1.8
12/01/2012,37.2,12.44,62,34.72,30.35,9.7,8.86,25.98,20.81,3.38,26.73,1.79
13/01/2012,36.82,12.05,62.21,35.49,30.97,9.97,8.88,26.22,20.93,3.45,26.99,1.79
16/01/2012,37.15,11.98,62.23,35.69,31.07,9.92,8.97,26.22,20.43,3.6,26.95,1.78
17/01/2012,38.67,12.22,61.61,35.83,31.2,9.97,9.16,26.66,20.92,3.72,27.15,1.78
18/01/2012,38.88,12.35,61.31,35.16,31.12,9.99,9.1,26.7,20.51,3.66,26.89,1.78
19/01/2012,38.8,12.32,61.58,34.52,31.32,9.98,9.1,26.61,20.39,3.64,27.15,1.76
20/01/2012,38.74,12.36,61.64,35.06,31.61,10.25,9.25,27.43,20.81,3.64,27.15,1.77
23/01/2012,38.8,12.38,60.43,34.88,31.85,10.44,9.24,27.58,20.78,3.67,27.15,1.75
24/01/2012,39.3,12.24,60.58,34.29,31.33,10.53,9.25,27.95,20.98,3.56,26.95,1.76
26/01/2012,38.97,12.44,60.71,33.92,30.35,10.54,9.12,28.44,20.63,3.57,27.71,1.74
27/01/2012,39.06,12.26,61.74,34.49,30.28,11.06,9.36,28.92,21.61,3.72,28.3,1.74
30/01/2012,39.35,11.93,61.67,34.49,30.35,11.2,9.48,29.07,21.76,3.62,28.03,1.75
31/01/2012,40.35,12.02,61.98,34.63,30.7,11.35,9.5,29.31,22.44,3.68,28.28,1.74
01/02/2012,41.16,12.07,61.41,34.84,30.7,11.35,9.7,29.39,22.41,3.72,28.23,1.74
02/02/2012,41.29,12.81,60.99,35.16,30.78,11.42,9.9,29.45,22.44,3.8,28.43,1.73
03/02/2012,41.43,13.03,60.36,35.93,30.68,11.58,9.95,29.17,22.16,3.79,28.55,1.72
06/02/2012,41.51,12.65,60.85,35.69,30.46,11.4,9.7,28.58,22.43,3.66,28.76,1.72
07/02/2012,41.56,12.89,60.8,35.06,29.89,11.12,9.76,28.82,21.53,3.61,28.59,1.73
08/02/2012,41.26,12.55,61.71,36.17,30.33,11.67,9.89,28.92,21.79,3.7,28.92,1.72
09/02/2012,41,12.71,61.47,35.72,30.07,11.8,10.08,29.17,21.47,3.67,28.93,1.72
10/02/2012,40.29,12.38,61.14,35.16,29.74,11.54,10.3,30.35,21.23,3.73,29.5,1.73
13/02/2012,41.33,13.6,62.57,35.24,29.92,11.28,10.49,29.89,21.49,3.69,29.99,1.72
14/02/2012,40.53,14.34,63.51,35.41,29.84,11.28,10.53,30.61,22.07,3.69,30.39,1.72
15/02/2012,39.77,14.27,62.87,35.09,29.83,11.3,10.49,31.43,22.25,3.67,28.61,1.72
16/02/2012,40.04,14.5,62.86,34.87,29.36,11.18,10.66,31.24,21.99,3.7,28.82,1.73
17/02/2012,39.69,14.96,64.5,34.77,29.41,11.24,10.45,31.04,22.29,3.82,29.64,1.71
22/02/2012,39.68,14.49,65.02,34.39,29.11,11.17,10.49,31.62,21.95,3.71,29.9,1.71
23/02/2012,40.45,14.4,64.88,35.33,29.74,11.41,10.61,30.85,22.17,3.7,30.19,1.7
24/02/2012,40.61,14.32,65.55,35.54,30.21,11.02,10.65,31.14,22.56,3.66,30.14,1.71
27/02/2012,40.17,14.36,65.7,36.35,30.61,11.22,10.46,31.91,23.03,3.69,30.55,1.71
28/02/2012,40.55,15.19,66.47,36.84,31.07,11.53,10.51,32.7,23.4,3.73,30.87,1.7
29/02/2012,40.17,14.99,66.63,36.31,30.63,11.51,10.76,32.43,23.2,3.78,30.69,1.71
01/03/2012,40.6,14.45,66.18,35.07,29.84,11.22,10.54,32.3,21.97,3.63,30.59,1.72
02/03/2012,40.93,14.5,68.12,35.8,30.53,11.55,10.57,32.76,21.91,3.72,30.88,1.72
05/03/2012,39.74,14.38,69.16,36.94,31,11.78,11.1,33.4,22.22,3.85,30.91,1.73
06/03/2012,37.97,14.1,70.76,37.12,31.56,11.99,11.32,33.36,22.72,3.8,30.92,1.76
07/03/2012,37.95,14.1,71.65,36.53,31.34,11.99,11.49,32.96,23.01,3.75,31.57,1.77
08/03/2012,37.9,14.75,72.31,36.96,31.88,12.13,11.99,33.75,24.12,4.05,32.05,1.77
09/03/2012,37.74,14.46,71.99,37.1,31.83,11.99,12.45,34.94,24.12,3.9,32.74,1.78
12/03/2012,37.31,14.25,71.07,37.17,31.99,11.74,12.16,35.13,24.09,3.97,33.42,1.82
13/03/2012,39.31,14.84,70.41,37.29,32.07,11.66,11.98,34.15,23.87,3.92,33.23,1.81
14/03/2012,38.85,14.71,71.7,37.2,31.77,11.72,11.88,34.84,24.26,3.91,33.03,1.81
15/03/2012,39.18,15.15,72.5,36.64,31.32,11.48,11.64,35.34,23.75,3.94,32.91,1.8
16/03/2012,39.6,14.57,72.74,36.42,31.39,11.4,11.56,36.22,23.31,3.94,33.9,1.8
19/03/2012,39.65,14.6,73.96,35.41,31.28,11.38,11.38,34.34,22.84,3.85,33.23,1.81
20/03/2012,39.32,14.4,74.22,35.07,31.73,11.35,11.39,34.87,23.46,3.71,33.14,1.83
21/03/2012,39.19,13.87,76.94,35.69,32.04,11.51,11.65,36.03,23.88,3.74,34.01,1.83
22/03/2012,38.37,13.53,75.98,35.72,31.95,11.51,11.52,36.17,23.31,3.7,33.71,1.83
23/03/2012,38.29,13.31,72.66,34.78,31.26,11.21,11.62,36.03,22.56,3.56,33.22,1.82
26/03/2012,38.75,12.81,73.15,34.42,28.23,10.87,11.54,35.98,22.84,3.45,32.84,1.81
27/03/2012,39.08,13.14,72.57,33.75,28.09,10.89,11.68,35.62,22.18,3.39,33.29,1.81
28/03/2012,38.43,12.47,74.06,34.12,28.17,11.3,11.92,36.62,22.89,3.47,33.62,1.82
29/03/2012,38.75,12.4,73.96,33.59,27.94,11.25,11.54,36.57,22.52,3.46,33.68,1.83
30/03/2012,39.19,12.19,72.04,32.54,27.23,11,11.35,36.62,22.15,3.38,33.72,1.82
02/04/2012,40.22,12.04,71.7,31.88,27.05,10.85,11.23,36.85,22.31,3.43,33.79,1.83
03/04/2012,39.55,11.84,71.51,31.4,26.9,11.04,11.18,36.87,21.9,3.39,33.25,1.83
04/04/2012,38.83,11.39,72.21,30.76,26.85,10.78,10.83,35.04,21.68,3.3,33.19,1.83
05/04/2012,38.87,11.3,74.25,30.68,27.02,10.42,10.82,34.05,21.65,3.17,32.84,1.83
09/04/2012,38.54,11.03,75.06,31.85,27.58,10.79,10.98,34.34,22.44,3.23,31.76,1.83
10/04/2012,38.11,11.04,75.74,30.61,27.02,10.46,10.67,33.39,22.04,3.24,30.98,1.83
11/04/2012,38.14,10.68,75,30.39,26.88,10.6,10.53,33.04,21.98,3.22,31.38,1.83
12/04/2012,40.45,10.96,76.3,30.43,26.93,10.73,10.43,33.65,22.31,3.2,32.06,1.83
13/04/2012,40.5,10.51,77.79,30.25,26.9,10.81,10.38,33.36,23.15,3.23,32.84,1.84
16/04/2012,39.92,10.25,78.19,30.47,26.8,10.91,10.31,34.15,22.96,3.21,32.15,1.84
17/04/2012,40.7,11.38,79.53,31.14,26.77,10.76,10.56,34.94,22.83,3.22,31.73,1.85
18/04/2012,40.88,10.51,78.76,30.72,26.77,10.21,10.16,33.95,22.26,3.14,30.63,1.87
19/04/2012,40.72,10.35,78.14,30.39,26.99,10.28,10.09,34.29,22.72,3.29,31.48,1.89
20/04/2012,39.46,10.27,78.81,28.6,26.29,10.35,10.13,33.55,22.92,3.19,31.8,1.88
23/04/2012,39.25,9.78,78.75,28.61,26.47,10.41,10.09,32.68,23.08,3.22,32.51,1.89
24/04/2012,39.25,10.17,78.57,28.7,26.51,10.22,10.03,32.98,22.74,3.21,32.35,1.88
25/04/2012,38.67,10.11,77.16,28.99,26.98,10.23,10.03,32.86,22.93,3.19,32.44,1.88
26/04/2012,39.32,10.43,77.02,28.27,26.6,10.47,9.93,31.48,23.17,3.25,32.17,1.89
27/04/2012,39.06,10.15,77.36,28.23,26.44,10.5,10.13,31.15,22.32,3.14,32.44,1.89
30/04/2012,39.01,10.15,75.73,27.84,26.31,10.16,10.42,30.53,20.97,3.25,32.65,1.89
02/05/2012,39.34,10.2,77.27,28.02,26.17,10.3,10.23,30.95,21.33,3.25,32.84,1.91
03/05/2012,39.1,10.02,76.11,28.07,26.01,10.11,10.16,31.54,20.5,3.17,32.03,1.93
04/05/2012,38.06,10.54,75.11,27.65,25.85,9.71,9.93,30.93,20.58,3.18,32.3,1.92
07/05/2012,38.01,10.95,74.76,27.66,25.95,9.67,10.02,30.71,21.18,3.17,32.2,1.93
08/05/2012,37.05,10.69,74,28.03,25.95,9.78,9.93,29.82,21.12,3.13,32.2,1.94
09/05/2012,36.91,10.12,74.23,27.44,25.41,9.36,9.48,28.04,20.36,2.96,31.17,1.96
10/05/2012,36.91,10.05,74.62,27.52,25.2,9.44,9.58,27.08,19.82,2.77,30.83,1.96
11/05/2012,35.76,10.27,74.19,26.87,24.76,9.04,9.34,25.84,20,2.68,30.29,1.95
14/05/2012,35.16,9.45,73.98,26.14,23.67,8.88,8.94,24.15,19.3,2.48,29.12,1.99
15/05/2012,35.01,9.44,73.74,26.27,23.82,8.79,9.18,24.37,19.26,2.59,29.4,1.99
16/05/2012,33.98,9.48,73.71,27.71,25.5,9.2,9.59,25.1,20.62,2.71,30.03,2
17/05/2012,32.73,9.45,74.47,27.6,25.5,8.97,9.76,25.57,20.34,2.46,29.32,2
18/05/2012,33.6,9.73,72.56,27.56,25.21,9.06,9.83,24.74,20.12,2.37,28.92,2.01
21/05/2012,34.68,9.95,72.85,24.7,24.98,9.12,9.52,24.3,19.79,2.36,28.76,2.04
22/05/2012,34.29,9.32,72.36,25,25.24,9.11,9.65,24.69,19.91,2.36,28.86,2.05
23/05/2012,34.64,8.96,72.65,25.07,25.06,9.17,9.82,25.73,20.34,2.44,29.03,2.08
24/05/2012,34.18,8.46,72.98,24.83,25.32,9.34,9.58,26.13,20.26,2.47,28.85,2.04
25/05/2012,33.63,8.46,73.18,24.7,25.57,9.2,9.33,25.74,19.75,2.32,28.47,2
28/05/2012,33.98,8.65,74.1,25.74,26.07,9.15,9.25,24.94,19.73,2.36,29.37,1.98
29/05/2012,34.45,8.78,70.56,25.12,25.95,9.04,8.93,24.74,19.49,2.17,28.81,1.99
30/05/2012,34.31,8.4,69.58,24.74,25.76,9.15,8.68,23.25,20.07,2.15,28.57,2.01
31/05/2012,34.56,8.04,69.24,24.36,25.25,9.12,8.46,22.37,19.85,2.08,28.76,2.02
01/06/2012,34,8.11,72.55,25.37,26.26,9.58,8.71,24.55,20.73,2.14,29.67,2.04
04/06/2012,33.9,8.04,71.58,25.22,26.31,9.86,8.74,24.55,20.67,2.21,29.29,2.04
05/06/2012,33.84,7.73,70.94,25.47,26.6,9.56,8.94,25.35,20.56,2.2,28.72,2.03
06/06/2012,34.83,7.9,72.08,25.91,27.04,9.95,8.94,25.09,21.27,2.22,29.9,2.02
08/06/2012,35.13,7.92,71.97,25.96,27.12,10.26,8.99,24.95,21.51,2.28,30.53,2.04
11/06/2012,34.72,8.16,72.27,25.98,27.3,10.47,9,25.34,21.75,2.25,30.32,2.03
12/06/2012,35.5,8.27,72.46,26.53,27.66,10.29,9.09,25.24,22.13,2.25,30.39,2.06
13/06/2012,35.67,8.5,74.24,26.35,27.43,9.97,8.98,26.1,21.94,2.22,30.78,2.06
14/06/2012,35.63,8.85,75.78,26.77,27.65,9.77,9.34,26.09,22.23,2.31,31.02,2.07
15/06/2012,36.14,9.67,75.34,26.4,27.43,9.77,9.33,24.79,21.75,2.45,30.39,2.04
18/06/2012,36.43,9.49,73.63,25.36,26.64,9.25,9.07,23.61,20.79,2.52,29.71,2.06
19/06/2012,37.37,9.8,73.52,24.83,26.64,9.57,9.03,22.86,20.4,2.55,29.53,2.04
20/06/2012,37.51,10.11,73.87,23.89,25.98,9.34,8.87,22.56,19.79,2.45,28.57,2.03
21/06/2012,36.56,9.78,74.6,23.86,25.82,9.53,8.72,22.11,20.08,2.41,29.49,2.04
22/06/2012,36.53,9.87,73.37,24.17,26.23,9.49,8.89,22.55,20.3,2.23,29.64,2.06
25/06/2012,35.98,9.9,73.91,23.94,26.01,9.6,8.93,22.71,20.16,2.05,29.76,2.07
26/06/2012,36.64,9.43,75.19,24.85,26.55,9.82,8.9,23.25,21.89,2.21,30.38,2.07
27/06/2012,36.56,8.89,73.94,24.94,26.61,10.15,8.8,23.12,21.86,2.31,30.31,2.08
28/06/2012,36.08,8.99,75.76,25.44,27.09,10.59,8.68,23.61,22.06,2.38,30.23,2.09
29/06/2012,36.86,8.92,76.84,25.58,27.12,10.75,8.58,24.16,21.82,2.43,30.58,2.02
02/07/2012,36.83,8.89,75.77,25.87,27.12,10.93,8.5,24.1,22.34,2.41,30.63,1.99
03/07/2012,37.52,8.58,75.04,25.69,27.03,10.63,8.4,22.71,21.8,2.3,30.58,1.99
04/07/2012,37.66,8.78,73.69,24.54,26.5,10.54,8.35,22.49,21.28,2.25,29.98,2.02
05/07/2012,38.12,8.53,73.87,24.65,26.46,10.57,8.13,21.68,20.99,2.33,29.96,2.03
06/07/2012,37.53,8.25,72.81,24.9,25.98,10.65,7.89,21.45,21.02,2.36,29.9,2.04
10/07/2012,36.69,8.14,72.95,25.61,26.26,10.82,8.23,21.09,21.4,2.39,30.08,2.03
11/07/2012,36.48,8.29,72.22,25.58,26.24,10.49,8.17,20.42,20.99,2.23,29.45,2.03
12/07/2012,36.34,8.62,71.97,25.39,26.23,10.64,8.21,20.37,21.49,2.26,29.94,2.05
13/07/2012,37.01,8.68,73.5,25.99,26.68,10.72,8.09,20.95,22.17,2.41,30.24,2.03
16/07/2012,36.5,8.3,73.77,26.49,26.98,10.93,8.16,21.55,22.62,2.42,30.26,2.04
17/07/2012,36.46,8.73,73.14,26.4,26.88,10.4,8.03,20.5,21.79,2.31,30.21,2.03
18/07/2012,36.33,8.9,73.83,25.65,25.59,10.12,8.01,20.18,21.37,2.59,29.94,2.03
19/07/2012,36.3,9.4,72.51,26.52,25.82,10.29,8.25,20.24,21.2,2.8,29.73,2.02
20/07/2012,35.65,8.86,72.26,26.7,25.94,10.35,8.23,20.42,20.72,2.63,29.9,2.02
23/07/2012,34.71,8.48,75.3,27.44,26.1,10.83,8.7,21.71,21.46,2.7,30.29,2.04
24/07/2012,33.08,8.17,77.62,28.46,27.56,11.39,8.86,22.32,22.77,2.85,31.32,2.04
25/07/2012,33.05,8.2,78.24,29.24,27.89,11.33,8.96,22.16,23.12,2.96,31.32,2.04
26/07/2012,33.31,8.64,76.46,28.52,27.82,11.02,8.9,21.96,23.06,2.98,30.58,2.03
27/07/2012,34.64,9.47,77.06,28.33,27.95,11.17,9.19,21.99,22.5,3,30.88,2.02
30/07/2012,34.55,9.91,75.69,27.84,27.64,10.87,9.39,21.66,22.71,3,30.31,2.03
31/07/2012,34.26,9.55,75.62,28.68,28.45,11.46,9.63,22.26,23.36,3,30.54,2.05
01/08/2012,34.4,9.09,77.17,29.31,29.09,11.5,9.89,23.34,24.3,2.99,31,2.04
02/08/2012,33.96,8.93,76.55,29.58,29.36,11.3,9.64,24.03,23.48,3,31.28,2.05
03/08/2012,34.35,9.35,76.01,30.26,29.75,11.29,9.64,24.73,24.13,3.09,32.07,2.03
06/08/2012,34.73,9.91,75.66,29.96,29.58,11.35,9.37,24.36,23.84,3.14,31.57,2.03
07/08/2012,34.74,9.52,75.18,29.99,30.06,11.38,9.6,25.14,24.52,3.13,31.1,2.03
08/08/2012,35.08,10.05,74.42,29.79,30.06,11.38,9.5,24.49,24.82,3.21,30.95,2.03
09/08/2012,35.34,10.5,74.89,29.56,29.9,11.18,9.1,23.87,24.75,3.15,31.2,2.02
10/08/2012,35.44,10.76,74.89,29.7,30.19,11.38,9.48,24.84,25.08,3.2,31.64,2.02
13/08/2012,35.44,10.96,74.89,30.29,30.38,11.59,9.69,26.33,25.48,3.22,31.47,2.03
14/08/2012,34.11,9.55,74.24,30.41,30.62,11.54,9.81,26.63,25.38,3.19,31.7,2.03
15/08/2012,33.41,9.76,73.97,30.14,30.52,11.67,9.87,26.47,24.94,3.2,32.08,2.02
16/08/2012,33.81,10.28,71.99,29.97,30.43,11.58,9.73,26.18,24.27,3.15,32.63,2.02
17/08/2012,32.86,9.82,73.06,30.08,30.46,11.5,9.54,25.84,24.44,3.2,32.94,2.02
20/08/2012,33.48,10.04,73.73,29.88,30.19,11.32,9.19,25.49,23.56,3.16,32.48,2.02
21/08/2012,33.2,10.15,74.03,29.84,29.97,11.39,9.14,25.37,23.44,3.16,33.31,2.02
22/08/2012,33.23,10.7,73.92,29.4,29.76,11.24,9.42,25.88,23,3.19,33.35,2.02
23/08/2012,32.18,10.17,73.56,29.4,30.09,11.01,9.95,26.48,23.03,3.18,32.82,2.02
24/08/2012,31.92,10.25,73.14,28.68,29.64,10.64,10.23,26.43,22.61,3.15,32.51,2.03
27/08/2012,31.43,10.24,73.09,28.52,29.67,10.47,10.47,27.68,22.49,3.15,33.12,2.03
28/08/2012,31.42,10.13,74.75,27.82,29.05,10.28,10.48,28.61,21.96,3.2,33.22,2.04
29/08/2012,30.55,9.69,74.48,28.14,29.57,10.68,10.41,27.33,21.84,3.15,33.24,2.05
30/08/2012,30.42,9.57,73.24,27.57,29.24,10.69,10.34,27.18,21.92,3.05,32.82,2.05
31/08/2012,31.23,9.7,72.95,27.65,29.33,10.85,10.49,27.65,22.57,3.03,33.71,2.04
03/09/2012,31.14,9.31,75.36,28.44,29.62,11.21,10.54,27.82,23.88,3.03,34.35,2.03
04/09/2012,30.23,9.08,73.37,28.61,29.65,11.07,10.4,27.17,23.54,3.06,33.85,2.04
05/09/2012,30.64,9.08,73.92,28.92,29.8,11.07,10.71,27.28,24.15,3.13,34.58,2.04
06/09/2012,32.08,9.38,73.68,29.68,30.26,11.09,10.58,28.01,24.51,3.17,34.54,2.04
10/09/2012,33.04,9.9,74.68,30.29,31.04,11.55,10.97,28.01,25.7,3.13,35.62,2.02
11/09/2012,33.92,10.36,75.05,30.64,31.46,12,11.01,28.37,25.91,3.18,34.69,2.02
12/09/2012,34.15,10.93,75.37,30.29,31.58,12.14,11.16,28.61,25.87,2.97,34.87,2.02
13/09/2012,35.1,11.35,74.21,29.57,31.2,12.36,11.51,29.61,25.31,3.02,34.84,2.03
14/09/2012,35.48,11.37,74.12,29.59,31.18,12.24,11.74,28.83,25.16,3.06,35.72,2.01
17/09/2012,35.81,11,74.55,29.37,31.08,12.13,11.45,28.38,25.4,3.17,35.23,2.03
18/09/2012,36,10.99,75.28,29.54,31.36,12.05,11.66,27.44,25.46,3.16,35.4,2.03
19/09/2012,35.6,11.37,75.85,29.64,31.17,12.5,11.52,26.38,25.82,3.09,35.52,2.02
20/09/2012,35.35,11.33,75.72,27.86,29.1,12.29,11.38,26.28,24.75,3.1,35.51,2.03
21/09/2012,34.54,11.5,75.61,28,28.83,12.15,11.47,26,25.17,3.06,36.44,2.02
24/09/2012,34.67,12.17,76.23,27.65,29.2,12,11.61,26.43,24.56,3.03,36.51,2.03
25/09/2012,33.72,11.8,75.56,26.85,28.69,11.71,11.63,26.43,24.15,2.88,36.39,2.03
26/09/2012,33.83,11.74,77.24,27.27,29.22,11.72,11.97,27.53,24.43,2.92,36.46,2.03
27/09/2012,33.74,11.85,78.34,27.14,29.25,11.73,11.41,26.53,24.15,2.84,36.56,2.03
28/09/2012,33.2,11.57,77.91,26.79,28.52,11.76,11.39,26.54,23.88,2.79,36.45,2.03
01/10/2012,33.17,12.8,79.13,26.83,28.65,11.77,11.49,26.54,23.59,2.83,36.16,2.03
02/10/2012,33.08,11.4,80.29,27.04,28.51,11.86,11.42,26.78,23.62,2.71,36.8,2.03
03/10/2012,32.65,11.88,81.88,27.11,28.43,12.09,11.64,26.68,23.77,2.83,36.95,2.03
04/10/2012,32.96,11.38,79.55,26.44,27.55,11.98,11.46,26.48,24.01,2.79,36.98,2.02
05/10/2012,32.92,11.24,80.13,25.82,27.34,11.86,11.24,26.59,23.74,2.73,37.1,2.02
08/10/2012,33.89,11.5,80.47,26.04,27.83,12.31,10.87,26.39,24.12,2.69,37.93,2.03
09/10/2012,34.15,11.25,81.44,26.18,27.81,12.35,10.71,25.89,23.8,2.71,36.22,2.03
10/10/2012,33.74,10.93,82.17,26.27,28.27,12.91,10.53,25.36,24.4,2.62,36.46,2.04
11/10/2012,34.07,10.44,82.77,26.26,28.38,12.84,10.67,24.74,24.26,2.65,36.82,2.04
15/10/2012,34.08,10.73,83.79,26.19,28.59,12.8,10.73,25.14,23.53,2.58,36.78,2.04
16/10/2012,34.78,10.5,82.3,25.91,28.51,12.68,10.41,24.84,22.47,2.57,37,2.04
17/10/2012,35.33,10.89,81.71,25.78,27.98,12.81,10.54,24.84,22.45,2.61,37.15,2.03
18/10/2012,35.15,10.82,81.4,24.96,27.69,12.43,10.44,24.86,22.43,2.59,36.49,2.03
19/10/2012,34.55,10.6,80.7,25.98,27.9,12.28,10.62,24.82,22.65,2.58,36.21,2.03
22/10/2012,34.42,10.8,80.65,26.35,28.58,12.61,10.77,24.84,22.62,2.56,36.36,2.03
23/10/2012,33.61,10.75,80.57,25.99,28.21,12.69,10.82,25.13,22,2.46,37.46,2.03
24/10/2012,33.34,10.42,81.98,26,28.22,12.6,10.96,25.04,22.52,2.3,37.54,2.03
25/10/2012,35.2,10.48,81.54,26.31,28.43,12.64,10.81,24.84,22.7,2.33,38.22,2.03
26/10/2012,34.96,10.16,81.34,26.09,28.21,12.43,10.62,24.74,22.5,2.27,38.28,2.03
29/10/2012,35.09,10.1,81.34,27.24,29.25,12.91,10.67,25.06,22.97,2.32,39.16,2.03
30/10/2012,35.37,10.19,81.91,27.22,29.24,12.62,11.17,25.84,22.62,2.33,39.11,2.03
31/10/2012,35.35,10.15,81.93,27.47,29.63,13.21,11.55,26.83,23.61,2.45,38.57,2.03
01/11/2012,36.14,10.09,81.34,26.78,28.93,13.12,11.38,26.42,22.94,2.38,37.83,2.03
05/11/2012,35.91,10.55,80.26,26.19,28.45,12.73,11.29,25.85,22.88,2.44,38.69,2.04
06/11/2012,36.17,10.76,79.13,26.2,28.4,12.67,11.05,25.66,22.7,2.4,38.89,2.03
07/11/2012,35.79,10.8,79.31,26.19,28.21,12.59,10.87,25.42,22.93,2.35,38.44,2.03
08/11/2012,35.06,10.38,80.56,26.67,28.8,12.49,11.26,25.44,22.74,2.29,38.76,2.04
09/11/2012,35.33,10.4,79.87,26.3,28.58,12.25,11.2,25.14,22.21,2.18,38.62,2.05
12/11/2012,35.04,10.21,82.4,26.4,28.9,12.14,11.17,25.04,21.86,2.1,38.34,2.05
13/11/2012,35.3,10.1,82.37,27.22,29.55,12.27,11.27,25.64,22.4,2.13,39.21,2.06
14/11/2012,34.65,10.19,83.69,27.55,30.15,11.99,11.22,25.44,22.97,2.01,38.95,2.06
16/11/2012,33.69,9.65,83.1,27.87,30.47,12.06,11.55,25.44,23.08,1.86,38.69,2.07
19/11/2012,34.1,9.65,84.34,28.2,30.82,12.13,11.76,25.94,23.79,1.91,39.25,2.07
21/11/2012,34.46,9.55,83.99,27.68,30.53,12.14,11.29,25.44,23.26,1.88,38.87,2.09
22/11/2012,34.44,9.68,83.79,27.25,30.07,12.06,11.17,26.11,22.78,1.83,38.92,2.09
23/11/2012,34.92,9.86,84.59,27.37,29.86,12.26,10.87,25.59,23.18,1.74,38.77,2.1
26/11/2012,34.74,9.45,84.27,28.07,30.34,12.46,11.1,25.83,23.42,2.22,39.05,2.08
27/11/2012,34.74,9.42,86.73,28.24,31.3,12.39,11.27,25.55,22.28,2.16,38.61,2.08
28/11/2012,34.25,9.71,88.2,29.01,31.57,12.69,11.25,26.83,22.16,2.16,38.33,2.09
29/11/2012,35.59,10.15,86.52,28.7,31.14,12.45,11.56,27.92,22.35,2.13,38.03,2.1
30/11/2012,35.69,10.25,85.9,28.85,31.64,12.3,12.26,28.62,22.59,2.15,38.13,2.11
03/12/2012,35.67,10.22,86.43,28.75,30.98,12.17,11.82,28.45,22.52,2.11,38.62,2.11
04/12/2012,35.06,10.16,85.99,28.8,31,12.58,11.6,27.03,23.04,2.18,38.57,2.11
05/12/2012,35.68,10.3,86.15,28.82,31.41,12.89,11.52,27.63,23.49,2.34,38.72,2.1
06/12/2012,35.58,10.18,86.58,29,31.59,13.32,11.41,26.88,23.41,2.31,38.92,2.08
07/12/2012,35.9,10.55,86.24,28.89,31.63,13.21,11.1,26.14,23.11,2.23,39.11,2.08
10/12/2012,36.4,10.51,86.86,28.91,31.86,13.22,10.94,25.98,22.72,2.21,39.01,2.08
11/12/2012,37.13,10.41,86.24,28.66,31.72,13.27,11.26,25.94,22.52,2.2,39.38,2.07
12/12/2012,37.32,10.25,86.73,28.75,31.72,12.97,11.56,26.68,22.26,2.23,40.47,2.07
13/12/2012,37.47,9.96,87.22,28.92,31.74,13.37,11.84,27.33,22.9,2.23,40.78,2.08
14/12/2012,38.65,10.79,87.42,29.94,32.53,13.8,11.98,27.72,22.6,2.21,41.23,2.08
17/12/2012,39.2,10.79,84.92,29.8,32.21,13.48,11.86,27.58,22.49,2.33,41.16,2.09
18/12/2012,39.87,10.87,84.52,30.25,32.59,13.3,11.74,27.56,22.21,2.27,41.13,2.1
19/12/2012,39.39,11.21,83.74,29.93,31.9,13.52,11.83,27.21,22.33,2.32,41.64,2.08
20/12/2012,39.68,11.25,84.93,29.44,31.32,13.3,12,26.64,22.18,2.35,41.23,2.06
21/12/2012,39.38,11.25,84.87,29.62,31.52,13.51,12.54,27.31,22.72,2.4,41.03,2.08
26/12/2012,39.57,13.05,85.22,30.61,32.28,13.61,12.72,28.36,23.62,2.56,41.76,2.06
27/12/2012,39.67,12.69,86.28,31.52,34.18,13.61,12.57,28.52,23.93,2.61,41.51,2.05
28/12/2012,39.74,12.9,85.69,31.24,33.58,13.41,12.11,28.13,23.61,2.55,41.38,2.04
02/01/2013,41.42,12.82,85.74,30.8,33.44,13.3,11.96,26.96,24.01,2.58,41.57,2.04
03/01/2013,40.93,13.01,85.83,30.92,33.55,13.41,11.81,26.36,23.53,2.51,42.01,2.05
04/01/2013,40.03,12.57,87.12,31.42,33.98,13.51,11.54,26.5,23.04,2.52,42.1,2.04
07/01/2013,39.24,12.68,86.58,31.02,33.54,13.5,11.66,26.49,23.01,2.5,41.62,2.03
08/01/2013,38.99,13.2,86.28,31.1,33.42,13.51,11.83,26.71,22.74,2.51,41.79,2.03
09/01/2013,39.19,13.4,86.73,31.48,33.97,13.4,12.08,27.32,22.83,2.55,42.25,2.04
10/01/2013,39.45,13.37,87.87,31.09,33.45,13.07,11.86,26.45,22.57,2.57,42.01,2.04
11/01/2013,38.44,13.84,89.65,31.37,33.62,12.93,11.96,25.86,22.47,2.46,42.01,2.03
14/01/2013,38.67,13.62,90.84,31.9,34.17,13.32,11.99,26.06,22.76,2.52,42.09,2.03
15/01/2013,38.56,13.95,91.11,32.01,34.3,13.43,11.92,26.06,22.45,2.48,42.11,2.04
16/01/2013,38.58,14.34,90.94,31.78,34.15,13.5,12.01,26.08,22.46,2.49,42.65,2.04
17/01/2013,38.65,14.72,91.32,32.13,34.43,13.5,11.8,25.81,22.46,2.42,41.7,2.04
18/01/2013,38.12,14.8,91.29,31.69,33.93,13.42,11.84,25.26,22.57,2.54,42.65,2.04
21/01/2013,38.07,14.74,91.64,31.72,33.85,13.16,11.53,24.96,22.15,2.44,43.72,2.04
22/01/2013,38.5,14.54,89.9,30.89,32.81,13.08,11.66,24.94,21.32,2.4,43.97,2.05
23/01/2013,38.41,14.43,91.81,30.84,32.43,13.43,11.66,25.19,21.77,2.36,44.91,2.04
24/01/2013,37.56,14.75,92.4,30.26,32.1,13.24,11.61,25.33,21.74,2.25,46.08,2.03
28/01/2013,36.65,14.38,93.03,30.49,32.82,13.45,11.61,26.06,22.12,2.23,46.19,2.02
29/01/2013,37.08,15,91.76,30.33,32.66,13.83,12.01,27.26,22.06,2.28,46.19,1.99
30/01/2013,36.26,14.4,92.93,29.62,32.21,13.56,11.84,26.96,21.82,2.2,45.7,1.99
31/01/2013,37.63,14.49,92.23,30.36,32.18,13.85,11.8,26.71,21.99,2.12,46.29,1.99
01/02/2013,38.12,14.4,91.69,29.73,31.65,13.39,11.86,27.46,22.08,2.07,45.58,1.98
04/02/2013,37.68,14.57,91.03,29.54,31.38,13.17,11.45,27.47,21.71,2.04,47.02,1.99
05/02/2013,37.05,14.66,91.74,30.08,32,12.97,11.35,26.95,21.79,2.02,45.94,1.99
06/02/2013,37.44,14.5,91.24,30,31.73,13.17,11.61,26.46,22.17,1.91,45.3,1.99
07/02/2013,36.43,14.25,90.77,29.85,31.3,13.01,11.86,27.01,22.21,2.04,45.2,1.98
08/02/2013,36.7,13.8,90.28,31.24,32.69,13.41,11.56,26.46,21.78,2.01,45.7,1.96
13/02/2013,36.38,14.17,90.05,31.57,33.22,13.27,11.52,27.03,21.04,2.02,45.79,1.97
14/02/2013,35.74,13.65,91.03,30.96,32.51,13.05,11.47,26.66,20.62,1.93,46.29,1.97
15/02/2013,35.46,13.28,90.94,30.41,31.77,12.69,11.55,26.06,19.75,1.87,45.35,1.96
18/02/2013,35.41,13.3,88.92,30.19,31.42,12.5,11.38,25.98,19.99,1.94,45.16,1.97
19/02/2013,35.09,13.08,89.89,31.17,32.07,12.73,11.32,25.97,20.21,2.01,44.95,1.96
20/02/2013,33.84,12.78,86.89,31.23,31.99,12.77,11.34,25.81,20.46,1.97,45.01,1.96
21/02/2013,33.86,12.34,88.02,30.66,31.29,12.8,11.56,25.81,21.23,2,44.91,1.97
22/02/2013,33.16,12.85,85.67,30.78,31.47,12.83,11.29,25.25,20.87,1.99,44.47,1.97
25/02/2013,33.33,12.42,87.8,31.14,31.75,12.94,11.66,26.01,20.79,2,45.85,1.97
26/02/2013,34.18,12.4,88.4,31.27,32.14,12.7,11.56,26.3,20.11,1.96,45.67,1.98
27/02/2013,34.47,12.13,88,31.14,32.5,12.72,11.6,26.42,20.03,2.17,45.89,1.98
28/02/2013,35.54,12.57,87.82,31.46,32.58,12.89,11.6,26.8,19.47,2.04,47.16,1.98
01/03/2013,34.28,12.62,90.14,31.98,32.54,13.52,11.75,27.37,20.14,2.21,47.04,1.98
04/03/2013,33.11,13.29,88.46,32.19,32.87,13.32,11.77,27.6,19.97,2.44,45.67,1.98
05/03/2013,32.88,13.45,88.38,33.14,33.35,13.52,11.91,26.81,20.18,2.43,45.61,1.97
06/03/2013,34.84,13.55,88.2,32.96,33.35,13.6,11.67,26.4,20.26,2.44,45.98,1.97
07/03/2013,34.57,14.17,87.28,32.47,33.09,13.34,11.7,26.28,19.81,2.57,46.19,1.96
08/03/2013,33.76,13.4,85.87,32.42,33.19,12.98,11.59,26.25,19.67,2.42,46.61,1.95
11/03/2013,34.25,13.34,86.65,31.93,33.09,13.22,11.47,25.85,19.32,2.35,46.49,1.96
12/03/2013,33.69,13.84,84.91,31.96,33.32,13.25,11.4,25.77,18.97,2.4,45.95,1.96
13/03/2013,32.44,14.3,85.74,32.36,32.73,13.12,11.37,26,18.9,2.38,46.57,1.96
14/03/2013,32.7,14.29,85.5,32.17,32.29,13.21,11.52,25.9,18.66,2.37,45.26,1.97
15/03/2013,32.66,14.3,85.6,32.45,32.58,12.99,11.77,25.75,18.5,2.23,44.49,1.97
18/03/2013,32.77,14.58,85.24,32.09,32.28,12.63,11.86,26.04,18.37,2.16,44.82,1.99
19/03/2013,31.5,14.01,84.68,31.7,32.23,12.72,11.76,25.85,18.6,1.92,43.68,1.98
20/03/2013,32.14,13.18,83,31.44,31.84,12.77,11.65,25.7,18.44,2.02,44,1.99
21/03/2013,32.26,12.84,83.87,31.77,32.28,12.89,11.73,25.71,19.26,2.16,44.86,1.99
22/03/2013,32.28,12.5,83.69,31.84,32.98,13.02,12.16,25.99,19.24,2.19,45.38,2.01
25/03/2013,31.74,11.77,84.33,32.33,33.78,13.16,12.45,26.55,19.37,2.1,44.56,2.01
26/03/2013,32.08,12.13,84.77,31.85,33.44,13.21,12.52,27.12,19.17,2.12,44.73,2.01
27/03/2013,32.7,11.75,84.3,31.4,33.07,12.94,12.29,26.95,18.6,2.04,43.75,2.02
28/03/2013,32.32,11.8,82.5,31.29,33.47,13.26,12.27,27,18.77,2.1,43.97,2.01
01/04/2013,31.52,11.73,83.21,30.4,32.98,13.24,12.35,26.79,18.53,2.02,43.94,2.02
02/04/2013,30.96,10.98,82.9,30.39,32.98,13.23,12.47,26.4,19.09,2.04,43.63,2.02
03/04/2013,32.77,11.26,82,30.37,32.52,13.07,12.59,26.7,18.55,1.93,43.63,2.02
04/04/2013,31.47,10.86,82,31.09,33.38,12.99,12.59,26.31,18.76,2.06,43.97,2.02
05/04/2013,31.7,11.15,82.72,31.56,34.16,13.4,12.72,26.3,18.6,2.26,44.71,2
08/04/2013,31.8,11.54,81.55,31.67,34.12,13.13,12.77,25.72,18.62,2.25,43.58,1.99
09/04/2013,33.14,11.21,79.98,31.09,33.86,12.74,12.72,25.34,18.28,2.21,42.83,1.99
10/04/2013,31.99,11.32,77.4,30.42,32.85,12.64,12.46,23.9,17.73,2.08,41.57,1.98
11/04/2013,31.51,11.46,79.3,31.18,33.46,12.78,12.73,24.1,18.29,2.08,43.76,1.97
12/04/2013,32.02,11.58,79.23,30.42,32.23,12.56,12.37,23.16,18.58,1.87,42.75,1.98
15/04/2013,29.95,11.33,79.6,29.37,31.61,12.68,12.16,23.25,19.2,1.87,44.51,1.98
16/04/2013,30.78,12.07,80.14,30.02,31.98,12.87,12.36,23.68,19.17,1.95,44.2,1.99
17/04/2013,30.99,11.55,79.25,29.92,31.98,13.08,12.34,23.22,19.2,1.97,43.87,1.99
18/04/2013,30.45,12.79,81.35,30.06,32.37,13.23,12.43,23.11,19.47,1.9,45.27,2.02
19/04/2013,30.65,13.3,79.43,30.27,32.25,13.16,12.53,23.12,19.42,1.9,45.71,2.01
22/04/2013,31.18,13,78.55,30.45,32.08,13.37,12.26,23.13,19.38,1.9,45.69,2.02
23/04/2013,31.87,12.85,78.2,29.45,31.41,13.35,12.43,23.03,18.97,1.88,45.11,2.02
24/04/2013,32.1,13.19,78.26,29.47,31.58,13.18,12.5,23.7,19.33,1.98,45.59,2.02
25/04/2013,32.55,13.81,82.8,30.23,32.57,13.61,13,24.15,19.7,1.98,46.68,2.01
26/04/2013,31.68,13.35,81.2,29.88,32.46,13.87,12.87,24,19.34,1.91,46.19,2
29/04/2013,32.02,12.86,82.79,30.3,32.64,14.11,13.03,23.7,19.38,1.93,46.5,2
30/04/2013,32.64,12.4,83.1,30.25,32.13,14.05,13.07,23.4,19.55,1.89,46.19,2
02/05/2013,31.75,12.13,83.2,31.14,33.09,14.1,13.45,23.24,19.15,1.88,46.19,2.01
03/05/2013,32.2,11.99,82.34,31.46,33.39,14.07,13.27,23.61,18.57,1.9,45.5,2.01
06/05/2013,32.28,12.35,84.95,31.46,33.27,14.06,13.25,23.04,18.32,1.85,45.89,2.01
07/05/2013,33.05,12.4,85.51,31.17,33.19,14.14,13.38,22.9,17.8,1.78,46.03,2.01
08/05/2013,33.12,12.19,85.65,30.57,32.47,13.92,12.9,22.79,17.44,1.73,45.75,2
09/05/2013,33.15,12.14,87.42,31.03,32.84,13.93,12.9,23.53,17.38,1.8,45.94,2.01
10/05/2013,32.5,12.17,88.41,31.55,33.09,13.94,12.91,23.4,17.03,1.82,46.19,2.02
13/05/2013,31.82,11.86,86.68,31.26,33.16,13.78,12.96,23.4,17.16,1.83,45.35,2.02
14/05/2013,31.07,12.25,87.3,31.69,33.9,13.87,13.04,23.9,17.21,1.84,46.07,2.01
15/05/2013,30.44,11.8,86.75,31.96,34.43,14.16,12.95,23.45,17.55,1.83,47.33,2.02
16/05/2013,29.7,11.37,86.43,32.46,34.53,14.27,13.02,23.98,17.86,1.85,47.96,2.03
17/05/2013,29.91,11.13,85.39,32.89,34.73,14.32,13.05,24.4,17.89,1.9,48.13,2.04
20/05/2013,31.05,11.25,85.63,32.61,34.26,14.21,12.93,24.7,17.29,1.93,48.17,2.03
21/05/2013,31.37,11.15,85.45,32.51,34.03,14.12,13.28,24.93,16.98,2.02,47.37,2.04
22/05/2013,30.94,11,84.91,32.38,33.83,14.19,13.36,25.65,17.04,1.97,46.89,2.04
23/05/2013,30.38,10.7,85.8,32.48,34.1,14.32,13.28,26.47,17.12,1.9,47.16,2.05
24/05/2013,30.15,10.47,83.95,31.69,33.35,13.92,13.1,26.24,16.85,1.81,46.9,2.05
27/05/2013,30.25,10.49,81.95,32.04,34.01,13.87,12.8,26,16.51,1.7,46.48,2.05
28/05/2013,29.77,10.83,81.06,31.78,33.06,13.77,12.61,26.2,16.81,1.76,45.75,2.06
29/05/2013,29.38,9.95,79.6,31.94,32.6,13.78,12.76,25.41,16.87,1.73,45.87,2.09
31/05/2013,28.65,9.31,79.18,30.83,31.68,13.43,12.66,25.39,16.32,1.69,45.2,2.13
03/06/2013,29.95,8.95,80.25,31.11,31.7,13.55,12.62,25.5,16.31,1.7,43.14,2.14
04/06/2013,30.3,9.18,79.07,30.92,31.46,13.43,12.85,25.25,16.03,1.54,43.81,2.13
05/06/2013,29.17,8.84,78.95,30.86,31.59,13.14,12.66,25.85,15.73,1.49,42.88,2.12
06/06/2013,29.58,8.6,76.91,29.85,30.38,12.68,12.19,25.45,15.28,1.38,41.6,2.13
07/06/2013,29.06,8.22,76.95,29.78,30.28,12.44,11.93,25.32,15.31,1.25,42.75,2.14
10/06/2013,28.6,7.66,76.64,29.7,29.87,12.71,12.05,26.07,16.19,1.26,43.54,2.15
11/06/2013,27.78,7.87,78.3,29.07,29.24,12.5,11.99,25.5,16.1,1.19,43.09,2.15
12/06/2013,27.4,8.45,78.73,29.22,29.51,12.54,11.88,25.5,16.24,1.09,42.51,2.14
13/06/2013,28.65,8.47,78.51,29.05,29.29,12.93,11.93,24.93,16.32,1.16,42.7,2.14
14/06/2013,28.28,8.52,77.5,28.69,28.66,12.04,11.82,24.8,15.91,1.03,41.95,2.14
17/06/2013,28.4,8.45,77.1,29.02,28.85,11.61,11.45,24.29,16.15,1.2,41.67,2.15
18/06/2013,29.1,8.24,77.7,28.26,28.17,11.33,11.2,24.45,15.7,1.03,41.57,2.17
19/06/2013,28.5,7.75,76.38,27.31,27.61,11.6,11.13,23.76,14.92,0.99,41.23,2.17
20/06/2013,28.64,7.5,77.89,27.41,27.76,11.96,11.75,23.8,15.1,1,40.62,2.25
21/06/2013,28.45,7.28,79.31,27.55,28.01,11.96,12.17,24.5,15.02,1.25,41.03,2.26
24/06/2013,26.89,6.73,80.7,28.11,28.3,12.16,12,24.15,15.93,1.08,42.77,2.25
25/06/2013,27.5,7.5,83.52,28.46,28.76,12.2,12.06,24.09,15.9,0.99,42.51,2.22
26/06/2013,26.75,7.27,83.88,28.21,28.76,12.69,11.81,24,16.39,0.89,42.65,2.2
27/06/2013,26.7,7.41,81.64,26.99,27.3,12,11.3,23.5,16.26,0.79,41.58,2.18
28/06/2013,27.05,7.17,81,26.69,27.08,11.94,11.35,23.25,16.67,0.8,41.44,2.22
01/07/2013,27.28,7.08,80.76,27.02,27.04,12,11.6,23.8,16.79,0.84,41.27,2.23
02/07/2013,26.1,6.75,81.79,26.53,26.11,12,11.31,23.89,16.3,0.84,41.22,2.24
03/07/2013,26,6.25,82.17,26.53,25.98,12.11,11.21,24.05,16,0.85,41.47,2.26
04/07/2013,26.97,6.35,81,26.49,26.07,11.93,11.05,23.3,15.61,0.81,40.41,2.26
05/07/2013,26.45,6.14,82.82,26.72,26.05,12.35,11.43,23.87,16.01,0.84,41.03,2.26
08/07/2013,26.08,6.46,82.69,27.38,27.34,12.79,11.76,24.76,16.46,0.85,43.04,2.26
09/07/2013,26.01,6.35,82.13,27.1,27.28,12.49,11.6,24.78,15.99,0.66,42.61,2.26
10/07/2013,26.44,6.92,83.44,27.6,27.96,12.56,11.57,24.78,16.21,0.74,42.65,2.27
11/07/2013,27.54,7.27,82.5,27.76,27.91,12.11,11.5,24.85,16.49,0.73,42.54,2.27
12/07/2013,27.06,7.19,81.99,28.11,28.58,12.32,11.7,25.52,17.1,0.76,43.18,2.27
15/07/2013,27.36,7.42,80.66,28.15,28.2,12.49,12,25.13,17.36,0.79,43.05,2.25
16/07/2013,27.87,7.41,80.09,28.04,27.75,12.14,11.97,24.97,17.13,0.86,42.89,2.24
17/07/2013,28.16,7.87,81.71,28.63,28.77,12.24,11.92,24.94,17.42,0.92,43.24,2.24
18/07/2013,28.22,7.77,82.11,29.01,29.18,12.25,12.05,24.95,18.08,1,43.14,2.23
19/07/2013,27.93,7.71,81.37,28.67,28.75,12.15,12.08,25.52,18.12,0.96,42.64,2.24
22/07/2013,28.45,7.99,81.59,28.71,28.81,12.41,12.15,25.91,18.45,0.99,42.01,2.24
23/07/2013,28.91,7.84,81.88,28.71,28.27,12.59,12.17,25.99,18.2,0.99,42.5,2.23
24/07/2013,28.94,7.89,81.34,28.7,28.24,12.27,12.16,26.05,18.28,0.98,42.26,2.23
25/07/2013,29.14,8.14,82.1,28.92,28.13,11.93,11.8,25.79,17.81,0.97,42.11,2.25
26/07/2013,29.25,8.24,86.01,28.84,27.68,12.14,11.79,25.1,18.13,0.96,42.51,2.25
29/07/2013,28.9,8.24,87.97,29.78,28.45,12.32,11.74,25.2,18.97,0.96,43.45,2.26
30/07/2013,28.36,8.2,87.39,29.61,28.2,12,11.67,25.5,18.76,0.88,43.3,2.27
31/07/2013,28.15,7.82,86.36,29.15,27.62,11.75,11.68,25.84,18.63,0.87,42.75,2.29
01/08/2013,28.55,8,85.65,28.47,27.06,11.41,11.68,25.95,18.4,0.91,42.19,2.29
02/08/2013,28.39,7.7,85.31,28.42,27.14,11.47,11.6,25.8,19.02,0.88,41.7,2.29
05/08/2013,28.73,7.5,86,29.24,28.02,11.95,11.65,25.85,19.24,0.94,41.8,2.3
06/08/2013,28.35,7.07,84.83,29.38,28.31,11.54,11.67,26.3,19.34,1.02,42.18,2.3
07/08/2013,29.06,6.87,84.86,30.17,28.76,11.7,11.5,26.73,19.47,1.1,41.4,2.3
08/08/2013,29.93,7.23,86.2,30.36,29.45,11.7,11.5,26.25,19.3,1.29,41.59,2.29
09/08/2013,30.9,7.45,85.75,30.06,29.15,11.41,11.45,26,19.27,1.51,40.75,2.27
12/08/2013,31.27,7.57,86.21,29.81,28.77,11.35,11.63,26.7,19.07,1.67,40.55,2.27
13/08/2013,31.56,7.45,87.51,29.2,28.5,11.55,11.83,27.11,20.15,1.6,40.32,2.3
14/08/2013,31.6,8,86.86,28.94,28.45,11.18,11.5,27.69,21.26,1.72,40.7,2.31
15/08/2013,31.55,8.21,83.05,28.63,28.07,11.14,11.3,26.95,20.96,1.67,40.25,2.34
16/08/2013,32.17,8.59,82.46,28.42,27.6,11.41,11.08,26.3,20.94,1.64,39.9,2.36
19/08/2013,32.35,8.4,83.22,28.44,27.5,11.4,10.92,26.53,21.55,1.6,41.08,2.4
20/08/2013,31.44,8.55,82.78,29.41,28.05,11.97,11.27,27.15,21.18,1.69,42.29,2.39
21/08/2013,31.11,8.59,81.69,28.91,27.71,11.9,11.1,27.39,21.18,1.72,41.57,2.42
22/08/2013,32.4,8.68,81.04,28.1,26.9,11.29,11.03,27.58,21.03,1.64,40.45,2.45
23/08/2013,32.28,8.92,80.52,28.2,26.75,11.52,11.04,27.25,21.13,1.6,40.77,2.39
26/08/2013,32.2,8.55,82.9,28.45,27.15,11.6,11.19,27.8,21.27,1.53,40.2,2.37
